0 verbose cli C:\Program Files\nodejs\node.exe C:\Program Files\nodejs\node_modules\npm\bin\npm-cli.js
1 info using npm@11.13.0
2 info using node@v26.2.0
3 silly config load:file:C:\Program Files\nodejs\node_modules\npm\npmrc
4 silly config load:file:C:\Users\MSI\Desktop\platforme3\medical-platform\frontend\.npmrc
5 silly config load:file:C:\Users\MSI\.npmrc
6 silly config load:file:C:\Users\MSI\AppData\Roaming\npm\etc\npmrc
7 verbose title npm install
8 verbose argv "install" "--no-audit" "--no-fund"
9 verbose logfile logs-max:10 dir:C:\Users\MSI\Desktop\platforme3\medical-platform\.npm-cache\_logs\2026-07-31T01_35_01_002Z-
10 verbose logfile C:\Users\MSI\Desktop\platforme3\medical-platform\.npm-cache\_logs\2026-07-31T01_35_01_002Z-debug-0.log
11 silly logfile done cleaning log files
12 silly packumentCache heap:4395630592 maxSize:1098907648 maxEntrySize:549453824
13 silly idealTree buildDeps
14 silly fetch manifest next@latest
15 silly packumentCache full:https://registry.npmjs.org/next cache-miss
16 http fetch GET 200 https://registry.npmjs.org/npm 611ms
17 http fetch GET 200 https://registry.npmjs.org/next 1445ms (cache miss)
18 silly packumentCache full:https://registry.npmjs.org/next set size:undefined disposed:false
19 silly fetch manifest @opentelemetry/api@^1.1.0
20 silly packumentCache full:https://registry.npmjs.org/@opentelemetry%2fapi cache-miss
21 http fetch GET 200 https://registry.npmjs.org/@opentelemetry%2fapi 211ms (cache miss)
22 silly packumentCache full:https://registry.npmjs.org/@opentelemetry%2fapi set size:undefined disposed:false
23 silly fetch manifest @playwright/test@^1.51.1
24 silly packumentCache full:https://registry.npmjs.org/@playwright%2ftest cache-miss
25 http fetch GET 200 https://registry.npmjs.org/@playwright%2ftest 724ms (cache miss)
26 silly packumentCache full:https://registry.npmjs.org/@playwright%2ftest set size:undefined disposed:false
27 silly fetch manifest babel-plugin-react-compiler@*
28 silly packumentCache full:https://registry.npmjs.org/babel-plugin-react-compiler cache-miss
29 http fetch GET 200 https://registry.npmjs.org/babel-plugin-react-compiler 119ms (cache miss)
30 silly packumentCache full:https://registry.npmjs.org/babel-plugin-react-compiler set size:undefined disposed:false
31 silly fetch manifest react@latest
32 silly packumentCache full:https://registry.npmjs.org/react cache-miss
33 http fetch GET 200 https://registry.npmjs.org/react 623ms (cache miss)
34 silly packumentCache full:https://registry.npmjs.org/react set size:undefined disposed:false
35 silly fetch manifest react-dom@latest
36 silly packumentCache full:https://registry.npmjs.org/react-dom cache-miss
37 http fetch GET 200 https://registry.npmjs.org/react-dom 757ms (cache miss)
38 silly packumentCache full:https://registry.npmjs.org/react-dom set size:undefined disposed:false
39 silly fetch manifest sass@^1.3.0
40 silly packumentCache full:https://registry.npmjs.org/sass cache-miss
41 http fetch GET 200 https://registry.npmjs.org/sass 193ms (cache miss)
42 silly packumentCache full:https://registry.npmjs.org/sass set size:undefined disposed:false
43 silly fetch manifest @types/node@latest
44 silly packumentCache full:https://registry.npmjs.org/@types%2fnode cache-miss
45 http fetch GET 200 https://registry.npmjs.org/@types%2fnode 736ms (cache miss)
46 silly packumentCache full:https://registry.npmjs.org/@types%2fnode set size:undefined disposed:false
47 silly fetch manifest @types/react@latest
48 silly packumentCache full:https://registry.npmjs.org/@types%2freact cache-miss
49 http fetch GET 200 https://registry.npmjs.org/@types%2freact 203ms (cache miss)
50 silly packumentCache full:https://registry.npmjs.org/@types%2freact set size:undefined disposed:false
51 silly fetch manifest @types/react-dom@latest
52 silly packumentCache full:https://registry.npmjs.org/@types%2freact-dom cache-miss
53 http fetch GET 200 https://registry.npmjs.org/@types%2freact-dom 84ms (cache miss)
54 silly packumentCache full:https://registry.npmjs.org/@types%2freact-dom set size:undefined disposed:false
55 silly fetch manifest eslint@latest
56 silly packumentCache full:https://registry.npmjs.org/eslint cache-miss
57 http fetch GET 200 https://registry.npmjs.org/eslint 124ms (cache miss)
58 silly packumentCache full:https://registry.npmjs.org/eslint set size:undefined disposed:false
59 silly fetch manifest jiti@*
60 silly packumentCache full:https://registry.npmjs.org/jiti cache-miss
61 http fetch GET 200 https://registry.npmjs.org/jiti 72ms (cache miss)
62 silly packumentCache full:https://registry.npmjs.org/jiti set size:undefined disposed:false
63 silly fetch manifest eslint-config-next@latest
64 silly packumentCache full:https://registry.npmjs.org/eslint-config-next cache-miss
65 http fetch GET 200 https://registry.npmjs.org/eslint-config-next 389ms (cache miss)
66 silly packumentCache full:https://registry.npmjs.org/eslint-config-next set size:undefined disposed:false
67 silly fetch manifest typescript@latest
68 silly packumentCache full:https://registry.npmjs.org/typescript cache-miss
69 http fetch GET 200 https://registry.npmjs.org/typescript 652ms (cache miss)
70 silly packumentCache full:https://registry.npmjs.org/typescript set size:undefined disposed:false
71 silly placeDep ROOT @types/node@26.1.2 OK for: medical-platform-frontend@0.1.0 want: latest
72 silly placeDep ROOT @types/react@19.2.18 OK for: medical-platform-frontend@0.1.0 want: latest
73 silly placeDep ROOT @types/react-dom@19.2.4 OK for: medical-platform-frontend@0.1.0 want: latest
74 silly placeDep ROOT eslint@10.8.0 OK for: medical-platform-frontend@0.1.0 want: latest
75 silly placeDep ROOT eslint-config-next@16.2.12 OK for: medical-platform-frontend@0.1.0 want: latest
76 silly placeDep ROOT next@16.2.12 OK for: medical-platform-frontend@0.1.0 want: latest
77 silly placeDep ROOT react@19.2.8 OK for: next@16.2.12 want: ^18.2.0 || 19.0.0-rc-de68d2f4-20241204 || ^19.0.0
78 silly placeDep ROOT react-dom@19.2.8 OK for: next@16.2.12 want: ^18.2.0 || 19.0.0-rc-de68d2f4-20241204 || ^19.0.0
79 silly placeDep ROOT typescript@7.0.2 OK for: medical-platform-frontend@0.1.0 want: latest
80 silly fetch manifest undici-types@~8.3.0
81 silly packumentCache full:https://registry.npmjs.org/undici-types cache-miss
82 silly fetch manifest csstype@^3.2.2
83 silly packumentCache full:https://registry.npmjs.org/csstype cache-miss
84 silly fetch manifest ajv@^6.14.0
85 silly packumentCache full:https://registry.npmjs.org/ajv cache-miss
86 silly fetch manifest debug@^4.3.2
87 silly packumentCache full:https://registry.npmjs.org/debug cache-miss
88 silly fetch manifest espree@^11.2.0
89 silly packumentCache full:https://registry.npmjs.org/espree cache-miss
90 silly fetch manifest ignore@^5.2.0
91 silly packumentCache full:https://registry.npmjs.org/ignore cache-miss
92 silly fetch manifest esquery@^1.7.0
93 silly packumentCache full:https://registry.npmjs.org/esquery cache-miss
94 silly fetch manifest esutils@^2.0.2
95 silly packumentCache full:https://registry.npmjs.org/esutils cache-miss
96 silly fetch manifest find-up@^5.0.0
97 silly packumentCache full:https://registry.npmjs.org/find-up cache-miss
98 silly fetch manifest is-glob@^4.0.0
99 silly packumentCache full:https://registry.npmjs.org/is-glob cache-miss
100 silly fetch manifest minimatch@^10.2.5
101 silly packumentCache full:https://registry.npmjs.org/minimatch cache-miss
102 http fetch GET 200 https://registry.npmjs.org/undici-types 70ms (cache miss)
103 silly packumentCache full:https://registry.npmjs.org/undici-types set size:undefined disposed:false
104 silly fetch manifest optionator@^0.9.3
105 silly packumentCache full:https://registry.npmjs.org/optionator cache-miss
106 http fetch GET 200 https://registry.npmjs.org/csstype 80ms (cache miss)
107 silly packumentCache full:https://registry.npmjs.org/csstype set size:undefined disposed:false
108 silly fetch manifest cross-spawn@^7.0.6
109 silly packumentCache full:https://registry.npmjs.org/cross-spawn cache-miss
110 http fetch GET 200 https://registry.npmjs.org/optionator 55ms (cache miss)
111 silly packumentCache full:https://registry.npmjs.org/optionator set size:undefined disposed:false
112 silly fetch manifest glob-parent@^6.0.2
113 silly packumentCache full:https://registry.npmjs.org/glob-parent cache-miss
114 http fetch GET 200 https://registry.npmjs.org/cross-spawn 83ms (cache miss)
115 silly packumentCache full:https://registry.npmjs.org/cross-spawn set size:undefined disposed:false
116 silly fetch manifest imurmurhash@^0.1.4
117 silly packumentCache full:https://registry.npmjs.org/imurmurhash cache-miss
118 http fetch GET 200 https://registry.npmjs.org/ajv 190ms (cache miss)
119 silly packumentCache full:https://registry.npmjs.org/ajv set size:undefined disposed:false
120 silly fetch manifest @eslint/core@^1.2.1
121 silly packumentCache full:https://registry.npmjs.org/@eslint%2fcore cache-miss
122 http fetch GET 200 https://registry.npmjs.org/glob-parent 88ms (cache miss)
123 silly packumentCache full:https://registry.npmjs.org/glob-parent set size:undefined disposed:false
124 silly fetch manifest eslint-scope@^9.1.2
125 silly packumentCache full:https://registry.npmjs.org/eslint-scope cache-miss
126 http fetch GET 200 https://registry.npmjs.org/esquery 223ms (cache miss)
127 silly packumentCache full:https://registry.npmjs.org/esquery set size:undefined disposed:false
128 silly fetch manifest @humanfs/node@^0.16.6
129 silly packumentCache full:https://registry.npmjs.org/@humanfs%2fnode cache-miss
130 http fetch GET 200 https://registry.npmjs.org/is-glob 230ms (cache miss)
131 silly packumentCache full:https://registry.npmjs.org/is-glob set size:undefined disposed:false
132 silly fetch manifest @types/estree@^1.0.6
133 silly packumentCache full:https://registry.npmjs.org/@types%2festree cache-miss
134 http fetch GET 200 https://registry.npmjs.org/esutils 243ms (cache miss)
135 silly packumentCache full:https://registry.npmjs.org/esutils set size:undefined disposed:false
136 silly fetch manifest fast-deep-equal@^3.1.3
137 silly packumentCache full:https://registry.npmjs.org/fast-deep-equal cache-miss
138 http fetch GET 200 https://registry.npmjs.org/ignore 247ms (cache miss)
139 silly packumentCache full:https://registry.npmjs.org/ignore set size:undefined disposed:false
140 silly fetch manifest natural-compare@^1.4.0
141 silly packumentCache full:https://registry.npmjs.org/natural-compare cache-miss
142 http fetch GET 200 https://registry.npmjs.org/imurmurhash 86ms (cache miss)
143 silly packumentCache full:https://registry.npmjs.org/imurmurhash set size:undefined disposed:false
144 silly fetch manifest file-entry-cache@^8.0.0
145 silly packumentCache full:https://registry.npmjs.org/file-entry-cache cache-miss
146 http fetch GET 200 https://registry.npmjs.org/debug 268ms (cache miss)
147 silly packumentCache full:https://registry.npmjs.org/debug set size:undefined disposed:false
148 silly fetch manifest @eslint/plugin-kit@^0.7.2
149 silly packumentCache full:https://registry.npmjs.org/@eslint%2fplugin-kit cache-miss
150 http fetch GET 200 https://registry.npmjs.org/@eslint%2fcore 76ms (cache miss)
151 silly packumentCache full:https://registry.npmjs.org/@eslint%2fcore set size:undefined disposed:false
152 silly fetch manifest eslint-visitor-keys@^5.0.1
153 silly packumentCache full:https://registry.npmjs.org/eslint-visitor-keys cache-miss
154 http fetch GET 200 https://registry.npmjs.org/eslint-scope 77ms (cache miss)
155 silly packumentCache full:https://registry.npmjs.org/eslint-scope set size:undefined disposed:false
156 silly fetch manifest @eslint/config-array@^0.23.5
157 silly packumentCache full:https://registry.npmjs.org/@eslint%2fconfig-array cache-miss
158 http fetch GET 200 https://registry.npmjs.org/@humanfs%2fnode 153ms (cache miss)
159 silly packumentCache full:https://registry.npmjs.org/@humanfs%2fnode set size:undefined disposed:false
160 silly fetch manifest @humanwhocodes/retry@^0.4.2
161 silly packumentCache full:https://registry.npmjs.org/@humanwhocodes%2fretry cache-miss
162 http fetch GET 200 https://registry.npmjs.org/minimatch 383ms (cache miss)
163 silly packumentCache full:https://registry.npmjs.org/minimatch set size:undefined disposed:false
164 silly fetch manifest escape-string-regexp@^4.0.0
165 silly packumentCache full:https://registry.npmjs.org/escape-string-regexp cache-miss
166 http fetch GET 200 https://registry.npmjs.org/natural-compare 138ms (cache miss)
167 silly packumentCache full:https://registry.npmjs.org/natural-compare set size:undefined disposed:false
168 silly fetch manifest @eslint/config-helpers@^0.7.0
169 silly packumentCache full:https://registry.npmjs.org/@eslint%2fconfig-helpers cache-miss
170 http fetch GET 200 https://registry.npmjs.org/@types%2festree 156ms (cache miss)
171 silly packumentCache full:https://registry.npmjs.org/@types%2festree set size:undefined disposed:false
172 silly fetch manifest @eslint-community/regexpp@^4.12.2
173 silly packumentCache full:https://registry.npmjs.org/@eslint-community%2fregexpp cache-miss
174 http fetch GET 200 https://registry.npmjs.org/eslint-visitor-keys 116ms (cache miss)
175 silly packumentCache full:https://registry.npmjs.org/eslint-visitor-keys set size:undefined disposed:false
176 silly fetch manifest @eslint-community/eslint-utils@^4.8.0
177 silly packumentCache full:https://registry.npmjs.org/@eslint-community%2feslint-utils cache-miss
178 http fetch GET 200 https://registry.npmjs.org/file-entry-cache 142ms (cache miss)
179 silly packumentCache full:https://registry.npmjs.org/file-entry-cache set size:undefined disposed:false
180 silly fetch manifest @humanwhocodes/module-importer@^1.0.1
181 silly packumentCache full:https://registry.npmjs.org/@humanwhocodes%2fmodule-importer cache-miss
182 http fetch GET 200 https://registry.npmjs.org/fast-deep-equal 155ms (cache miss)
183 silly packumentCache full:https://registry.npmjs.org/fast-deep-equal set size:undefined disposed:false
184 silly fetch manifest json-stable-stringify-without-jsonify@^1.0.1
185 silly packumentCache full:https://registry.npmjs.org/json-stable-stringify-without-jsonify cache-miss
186 http fetch GET 200 https://registry.npmjs.org/find-up 403ms (cache miss)
187 silly packumentCache full:https://registry.npmjs.org/find-up set size:undefined disposed:false
188 silly fetch manifest globals@16.4.0
189 silly packumentCache full:https://registry.npmjs.org/globals cache-miss
190 http fetch GET 200 https://registry.npmjs.org/@eslint%2fconfig-array 109ms (cache miss)
191 silly packumentCache full:https://registry.npmjs.org/@eslint%2fconfig-array set size:undefined disposed:false
192 silly fetch manifest typescript-eslint@^8.46.0
193 silly packumentCache full:https://registry.npmjs.org/typescript-eslint cache-miss
194 http fetch GET 200 https://registry.npmjs.org/espree 418ms (cache miss)
195 silly packumentCache full:https://registry.npmjs.org/espree set size:undefined disposed:false
196 silly fetch manifest eslint-plugin-react@^7.37.0
197 silly packumentCache full:https://registry.npmjs.org/eslint-plugin-react cache-miss
198 http fetch GET 200 https://registry.npmjs.org/escape-string-regexp 53ms (cache miss)
199 silly packumentCache full:https://registry.npmjs.org/escape-string-regexp set size:undefined disposed:false
200 silly fetch manifest eslint-plugin-import@^2.32.0
201 silly packumentCache full:https://registry.npmjs.org/eslint-plugin-import cache-miss
202 http fetch GET 200 https://registry.npmjs.org/@eslint%2fconfig-helpers 58ms (cache miss)
203 silly packumentCache full:https://registry.npmjs.org/@eslint%2fconfig-helpers set size:undefined disposed:false
204 silly fetch manifest eslint-plugin-jsx-a11y@^6.10.0
205 silly packumentCache full:https://registry.npmjs.org/eslint-plugin-jsx-a11y cache-miss
206 http fetch GET 200 https://registry.npmjs.org/@humanwhocodes%2fmodule-importer 60ms (cache miss)
207 silly packumentCache full:https://registry.npmjs.org/@humanwhocodes%2fmodule-importer set size:undefined disposed:false
208 silly fetch manifest @next/eslint-plugin-next@16.2.12
209 silly packumentCache full:https://registry.npmjs.org/@next%2feslint-plugin-next cache-miss
210 http fetch GET 200 https://registry.npmjs.org/json-stable-stringify-without-jsonify 60ms (cache miss)
211 silly packumentCache full:https://registry.npmjs.org/json-stable-stringify-without-jsonify set size:undefined disposed:false
212 silly fetch manifest eslint-plugin-react-hooks@^7.0.0
213 silly packumentCache full:https://registry.npmjs.org/eslint-plugin-react-hooks cache-miss
214 http fetch GET 200 https://registry.npmjs.org/globals 74ms (cache miss)
215 silly packumentCache full:https://registry.npmjs.org/globals set size:undefined disposed:false
216 silly fetch manifest eslint-import-resolver-node@^0.3.6
217 silly packumentCache full:https://registry.npmjs.org/eslint-import-resolver-node cache-miss
218 http fetch GET 200 https://registry.npmjs.org/eslint-plugin-jsx-a11y 70ms (cache miss)
219 silly packumentCache full:https://registry.npmjs.org/eslint-plugin-jsx-a11y set size:undefined disposed:false
220 silly fetch manifest eslint-import-resolver-typescript@^3.5.2
221 silly packumentCache full:https://registry.npmjs.org/eslint-import-resolver-typescript cache-miss
222 http fetch GET 200 https://registry.npmjs.org/eslint-plugin-import 92ms (cache miss)
223 silly packumentCache full:https://registry.npmjs.org/eslint-plugin-import set size:undefined disposed:false
224 silly fetch manifest postcss@8.4.31
225 silly packumentCache full:https://registry.npmjs.org/postcss cache-miss
226 http fetch GET 200 https://registry.npmjs.org/eslint-import-resolver-node 60ms (cache miss)
227 silly packumentCache full:https://registry.npmjs.org/eslint-import-resolver-node set size:undefined disposed:false
228 silly fetch manifest @next/env@16.2.12
229 silly packumentCache full:https://registry.npmjs.org/@next%2fenv cache-miss
230 http fetch GET 200 https://registry.npmjs.org/eslint-import-resolver-typescript 92ms (cache miss)
231 silly packumentCache full:https://registry.npmjs.org/eslint-import-resolver-typescript set size:undefined disposed:false
232 silly fetch manifest styled-jsx@5.1.6
233 silly packumentCache full:https://registry.npmjs.org/styled-jsx cache-miss
234 http fetch GET 200 https://registry.npmjs.org/@humanwhocodes%2fretry 247ms (cache miss)
235 silly packumentCache full:https://registry.npmjs.org/@humanwhocodes%2fretry set size:undefined disposed:false
236 silly fetch manifest @swc/helpers@0.5.15
237 silly packumentCache full:https://registry.npmjs.org/@swc%2fhelpers cache-miss
238 http fetch GET 200 https://registry.npmjs.org/@eslint-community%2feslint-utils 289ms (cache miss)
239 silly packumentCache full:https://registry.npmjs.org/@eslint-community%2feslint-utils set size:undefined disposed:false
240 silly fetch manifest caniuse-lite@^1.0.30001579
241 silly packumentCache full:https://registry.npmjs.org/caniuse-lite cache-miss
242 http fetch GET 200 https://registry.npmjs.org/@eslint-community%2fregexpp 302ms (cache miss)
243 silly packumentCache full:https://registry.npmjs.org/@eslint-community%2fregexpp set size:undefined disposed:false
244 silly fetch manifest baseline-browser-mapping@^2.9.19
245 silly packumentCache full:https://registry.npmjs.org/baseline-browser-mapping cache-miss
246 http fetch GET 200 https://registry.npmjs.org/postcss 272ms (cache miss)
247 silly packumentCache full:https://registry.npmjs.org/postcss set size:undefined disposed:false
248 silly fetch manifest sharp@^0.34.5
249 silly packumentCache full:https://registry.npmjs.org/sharp cache-miss
250 http fetch GET 200 https://registry.npmjs.org/@eslint%2fplugin-kit 587ms (cache miss)
251 silly packumentCache full:https://registry.npmjs.org/@eslint%2fplugin-kit set size:undefined disposed:false
252 silly fetch manifest @next/swc-darwin-x64@16.2.12
253 silly packumentCache full:https://registry.npmjs.org/@next%2fswc-darwin-x64 cache-miss
254 http fetch GET 200 https://registry.npmjs.org/styled-jsx 289ms (cache miss)
255 silly packumentCache full:https://registry.npmjs.org/styled-jsx set size:undefined disposed:false
256 silly fetch manifest @next/swc-darwin-arm64@16.2.12
257 silly packumentCache full:https://registry.npmjs.org/@next%2fswc-darwin-arm64 cache-miss
258 http fetch GET 200 https://registry.npmjs.org/@swc%2fhelpers 351ms (cache miss)
259 silly packumentCache full:https://registry.npmjs.org/@swc%2fhelpers set size:undefined disposed:false
260 silly fetch manifest @next/swc-linux-x64-gnu@16.2.12
261 silly packumentCache full:https://registry.npmjs.org/@next%2fswc-linux-x64-gnu cache-miss
262 http fetch GET 200 https://registry.npmjs.org/baseline-browser-mapping 415ms (cache miss)
263 silly packumentCache full:https://registry.npmjs.org/baseline-browser-mapping set size:undefined disposed:false
264 silly fetch manifest @next/swc-linux-x64-musl@16.2.12
265 silly packumentCache full:https://registry.npmjs.org/@next%2fswc-linux-x64-musl cache-miss
266 http fetch GET 200 https://registry.npmjs.org/eslint-plugin-react 716ms (cache miss)
267 silly packumentCache full:https://registry.npmjs.org/eslint-plugin-react set size:undefined disposed:false
268 silly fetch manifest @next/swc-win32-x64-msvc@16.2.12
269 silly packumentCache full:https://registry.npmjs.org/@next%2fswc-win32-x64-msvc cache-miss
270 http fetch GET 200 https://registry.npmjs.org/typescript-eslint 776ms (cache miss)
271 silly packumentCache full:https://registry.npmjs.org/typescript-eslint set size:undefined disposed:false
272 silly fetch manifest @next/swc-linux-arm64-gnu@16.2.12
273 silly packumentCache full:https://registry.npmjs.org/@next%2fswc-linux-arm64-gnu cache-miss
274 http fetch GET 200 https://registry.npmjs.org/sharp 411ms (cache miss)
275 silly packumentCache full:https://registry.npmjs.org/sharp set size:undefined disposed:false
276 silly fetch manifest @next/swc-linux-arm64-musl@16.2.12
277 silly packumentCache full:https://registry.npmjs.org/@next%2fswc-linux-arm64-musl cache-miss
278 http fetch GET 200 https://registry.npmjs.org/eslint-plugin-react-hooks 1176ms (cache miss)
279 silly packumentCache full:https://registry.npmjs.org/eslint-plugin-react-hooks set size:undefined disposed:false
280 silly fetch manifest @next/swc-win32-arm64-msvc@16.2.12
281 silly packumentCache full:https://registry.npmjs.org/@next%2fswc-win32-arm64-msvc cache-miss
282 http fetch GET 200 https://registry.npmjs.org/@next%2fswc-win32-arm64-msvc 1289ms (cache miss)
283 silly packumentCache full:https://registry.npmjs.org/@next%2fswc-win32-arm64-msvc set size:undefined disposed:false
284 silly fetch manifest scheduler@^0.27.0
285 silly packumentCache full:https://registry.npmjs.org/scheduler cache-miss
286 http fetch GET 200 https://registry.npmjs.org/@next%2feslint-plugin-next 2638ms (cache miss)
287 silly packumentCache full:https://registry.npmjs.org/@next%2feslint-plugin-next set size:undefined disposed:false
288 silly fetch manifest @typescript/typescript-aix-ppc64@7.0.2
289 silly packumentCache full:https://registry.npmjs.org/@typescript%2ftypescript-aix-ppc64 cache-miss
290 http fetch GET 200 https://registry.npmjs.org/@typescript%2ftypescript-aix-ppc64 355ms (cache miss)
291 silly packumentCache full:https://registry.npmjs.org/@typescript%2ftypescript-aix-ppc64 set size:undefined disposed:false
292 silly fetch manifest @typescript/typescript-linux-arm@7.0.2
293 silly packumentCache full:https://registry.npmjs.org/@typescript%2ftypescript-linux-arm cache-miss
294 http fetch GET 200 https://registry.npmjs.org/@next%2fswc-win32-x64-msvc 2389ms (cache miss)
295 silly packumentCache full:https://registry.npmjs.org/@next%2fswc-win32-x64-msvc set size:undefined disposed:false
296 silly fetch manifest @typescript/typescript-linux-x64@7.0.2
297 silly packumentCache full:https://registry.npmjs.org/@typescript%2ftypescript-linux-x64 cache-miss
298 http fetch GET 200 https://registry.npmjs.org/@next%2fswc-linux-arm64-musl 2341ms (cache miss)
299 silly packumentCache full:https://registry.npmjs.org/@next%2fswc-linux-arm64-musl set size:undefined disposed:false
300 silly fetch manifest @typescript/typescript-sunos-x64@7.0.2
301 silly packumentCache full:https://registry.npmjs.org/@typescript%2ftypescript-sunos-x64 cache-miss
302 http fetch GET 200 https://registry.npmjs.org/@typescript%2ftypescript-linux-x64 159ms (cache miss)
303 silly packumentCache full:https://registry.npmjs.org/@typescript%2ftypescript-linux-x64 set size:undefined disposed:false
304 silly fetch manifest @typescript/typescript-win32-x64@7.0.2
305 silly packumentCache full:https://registry.npmjs.org/@typescript%2ftypescript-win32-x64 cache-miss
306 http fetch GET 200 https://registry.npmjs.org/@next%2fenv 3194ms (cache miss)
307 silly packumentCache full:https://registry.npmjs.org/@next%2fenv set size:undefined disposed:false
308 silly fetch manifest @typescript/typescript-darwin-x64@7.0.2
309 silly packumentCache full:https://registry.npmjs.org/@typescript%2ftypescript-darwin-x64 cache-miss
310 http fetch GET 200 https://registry.npmjs.org/scheduler 997ms (cache miss)
311 silly packumentCache full:https://registry.npmjs.org/scheduler set size:undefined disposed:false
312 silly fetch manifest @typescript/typescript-netbsd-x64@7.0.2
313 silly packumentCache full:https://registry.npmjs.org/@typescript%2ftypescript-netbsd-x64 cache-miss
314 http fetch GET 200 https://registry.npmjs.org/@typescript%2ftypescript-linux-arm 535ms (cache miss)
315 silly packumentCache full:https://registry.npmjs.org/@typescript%2ftypescript-linux-arm set size:undefined disposed:false
316 silly fetch manifest @typescript/typescript-freebsd-x64@7.0.2
317 silly packumentCache full:https://registry.npmjs.org/@typescript%2ftypescript-freebsd-x64 cache-miss
318 http fetch GET 200 https://registry.npmjs.org/@typescript%2ftypescript-sunos-x64 526ms (cache miss)
319 silly packumentCache full:https://registry.npmjs.org/@typescript%2ftypescript-sunos-x64 set size:undefined disposed:false
320 silly fetch manifest @typescript/typescript-linux-arm64@7.0.2
321 silly packumentCache full:https://registry.npmjs.org/@typescript%2ftypescript-linux-arm64 cache-miss
322 http fetch GET 200 https://registry.npmjs.org/@next%2fswc-linux-arm64-gnu 2997ms (cache miss)
323 silly packumentCache full:https://registry.npmjs.org/@next%2fswc-linux-arm64-gnu set size:undefined disposed:false
324 silly fetch manifest @typescript/typescript-linux-ppc64@7.0.2
325 silly packumentCache full:https://registry.npmjs.org/@typescript%2ftypescript-linux-ppc64 cache-miss
326 http fetch GET 200 https://registry.npmjs.org/@typescript%2ftypescript-win32-x64 522ms (cache miss)
327 silly packumentCache full:https://registry.npmjs.org/@typescript%2ftypescript-win32-x64 set size:undefined disposed:false
328 silly fetch manifest @typescript/typescript-linux-s390x@7.0.2
329 silly packumentCache full:https://registry.npmjs.org/@typescript%2ftypescript-linux-s390x cache-miss
330 http fetch GET 200 https://registry.npmjs.org/@typescript%2ftypescript-darwin-x64 469ms (cache miss)
331 silly packumentCache full:https://registry.npmjs.org/@typescript%2ftypescript-darwin-x64 set size:undefined disposed:false
332 silly fetch manifest @typescript/typescript-openbsd-x64@7.0.2
333 silly packumentCache full:https://registry.npmjs.org/@typescript%2ftypescript-openbsd-x64 cache-miss
334 http fetch GET 200 https://registry.npmjs.org/@typescript%2ftypescript-netbsd-x64 254ms (cache miss)
335 silly packumentCache full:https://registry.npmjs.org/@typescript%2ftypescript-netbsd-x64 set size:undefined disposed:false
336 silly fetch manifest @typescript/typescript-win32-arm64@7.0.2
337 silly packumentCache full:https://registry.npmjs.org/@typescript%2ftypescript-win32-arm64 cache-miss
338 http fetch GET 200 https://registry.npmjs.org/@typescript%2ftypescript-freebsd-x64 246ms (cache miss)
339 silly packumentCache full:https://registry.npmjs.org/@typescript%2ftypescript-freebsd-x64 set size:undefined disposed:false
340 silly fetch manifest @typescript/typescript-darwin-arm64@7.0.2
341 silly packumentCache full:https://registry.npmjs.org/@typescript%2ftypescript-darwin-arm64 cache-miss
342 http fetch GET 200 https://registry.npmjs.org/@typescript%2ftypescript-linux-ppc64 274ms (cache miss)
343 silly packumentCache full:https://registry.npmjs.org/@typescript%2ftypescript-linux-ppc64 set size:undefined disposed:false
344 silly fetch manifest @typescript/typescript-netbsd-arm64@7.0.2
345 silly packumentCache full:https://registry.npmjs.org/@typescript%2ftypescript-netbsd-arm64 cache-miss
346 http fetch GET 200 https://registry.npmjs.org/@typescript%2ftypescript-darwin-arm64 251ms (cache miss)
347 silly packumentCache full:https://registry.npmjs.org/@typescript%2ftypescript-darwin-arm64 set size:undefined disposed:false
348 silly fetch manifest @typescript/typescript-freebsd-arm64@7.0.2
349 silly packumentCache full:https://registry.npmjs.org/@typescript%2ftypescript-freebsd-arm64 cache-miss
350 http fetch GET 200 https://registry.npmjs.org/caniuse-lite 3830ms (cache miss)
351 silly packumentCache full:https://registry.npmjs.org/caniuse-lite set size:undefined disposed:false
352 silly fetch manifest @typescript/typescript-linux-loong64@7.0.2
353 silly packumentCache full:https://registry.npmjs.org/@typescript%2ftypescript-linux-loong64 cache-miss
354 http fetch GET 200 https://registry.npmjs.org/@next%2fswc-linux-x64-gnu 3585ms (cache miss)
355 silly packumentCache full:https://registry.npmjs.org/@next%2fswc-linux-x64-gnu set size:undefined disposed:false
356 silly fetch manifest @typescript/typescript-linux-riscv64@7.0.2
357 silly packumentCache full:https://registry.npmjs.org/@typescript%2ftypescript-linux-riscv64 cache-miss
358 http fetch GET 200 https://registry.npmjs.org/@typescript%2ftypescript-linux-arm64 469ms (cache miss)
359 silly packumentCache full:https://registry.npmjs.org/@typescript%2ftypescript-linux-arm64 set size:undefined disposed:false
360 silly fetch manifest @typescript/typescript-openbsd-arm64@7.0.2
361 silly packumentCache full:https://registry.npmjs.org/@typescript%2ftypescript-openbsd-arm64 cache-miss
362 http fetch GET 200 https://registry.npmjs.org/@typescript%2ftypescript-win32-arm64 409ms (cache miss)
363 silly packumentCache full:https://registry.npmjs.org/@typescript%2ftypescript-win32-arm64 set size:undefined disposed:false
364 silly fetch manifest @typescript/typescript-linux-mips64el@7.0.2
365 silly packumentCache full:https://registry.npmjs.org/@typescript%2ftypescript-linux-mips64el cache-miss
366 http fetch GET 200 https://registry.npmjs.org/@typescript%2ftypescript-linux-s390x 428ms (cache miss)
367 silly packumentCache full:https://registry.npmjs.org/@typescript%2ftypescript-linux-s390x set size:undefined disposed:false
368 http fetch GET 200 https://registry.npmjs.org/@typescript%2ftypescript-openbsd-x64 447ms (cache miss)
369 silly packumentCache full:https://registry.npmjs.org/@typescript%2ftypescript-openbsd-x64 set size:undefined disposed:false
370 http fetch GET 200 https://registry.npmjs.org/@next%2fswc-darwin-arm64 3838ms (cache miss)
371 silly packumentCache full:https://registry.npmjs.org/@next%2fswc-darwin-arm64 set size:undefined disposed:false
372 http fetch GET 200 https://registry.npmjs.org/@typescript%2ftypescript-linux-mips64el 113ms (cache miss)
373 silly packumentCache full:https://registry.npmjs.org/@typescript%2ftypescript-linux-mips64el set size:undefined disposed:false
374 http fetch GET 200 https://registry.npmjs.org/@typescript%2ftypescript-netbsd-arm64 296ms (cache miss)
375 silly packumentCache full:https://registry.npmjs.org/@typescript%2ftypescript-netbsd-arm64 set size:undefined disposed:false
376 http fetch GET 200 https://registry.npmjs.org/@typescript%2ftypescript-freebsd-arm64 279ms (cache miss)
377 silly packumentCache full:https://registry.npmjs.org/@typescript%2ftypescript-freebsd-arm64 set size:undefined disposed:false
378 http fetch GET 200 https://registry.npmjs.org/@typescript%2ftypescript-linux-loong64 279ms (cache miss)
379 silly packumentCache full:https://registry.npmjs.org/@typescript%2ftypescript-linux-loong64 set size:undefined disposed:false
380 http fetch GET 200 https://registry.npmjs.org/@next%2fswc-darwin-x64 4096ms (cache miss)
381 silly packumentCache full:https://registry.npmjs.org/@next%2fswc-darwin-x64 set size:undefined disposed:false
382 http fetch GET 200 https://registry.npmjs.org/@typescript%2ftypescript-linux-riscv64 406ms (cache miss)
383 silly packumentCache full:https://registry.npmjs.org/@typescript%2ftypescript-linux-riscv64 set size:undefined disposed:false
384 http fetch GET 200 https://registry.npmjs.org/@typescript%2ftypescript-openbsd-arm64 434ms (cache miss)
385 silly packumentCache full:https://registry.npmjs.org/@typescript%2ftypescript-openbsd-arm64 set size:undefined disposed:false
386 http fetch GET 200 https://registry.npmjs.org/@next%2fswc-linux-x64-musl 4074ms (cache miss)
387 silly packumentCache full:https://registry.npmjs.org/@next%2fswc-linux-x64-musl set size:undefined disposed:false
388 silly placeDep ROOT undici-types@8.3.0 OK for: @types/node@26.1.2 want: ~8.3.0
389 silly placeDep ROOT csstype@3.2.3 OK for: @types/react@19.2.18 want: ^3.2.2
390 silly fetch manifest eslint@^6.0.0 || ^7.0.0 || >=8.0.0
391 silly packumentCache full:https://registry.npmjs.org/eslint cache-miss
392 http cache https://registry.npmjs.org/eslint 18ms (cache hit)
393 silly packumentCache full:https://registry.npmjs.org/eslint set size:2040662 disposed:false
394 silly placeDep ROOT @eslint-community/eslint-utils@4.10.1 OK for: eslint@10.8.0 want: ^4.8.0
395 silly placeDep ROOT @eslint-community/regexpp@4.12.2 OK for: eslint@10.8.0 want: ^4.12.2
396 silly placeDep ROOT @eslint/config-array@0.23.5 OK for: eslint@10.8.0 want: ^0.23.5
397 silly placeDep ROOT @eslint/config-helpers@0.7.0 OK for: eslint@10.8.0 want: ^0.7.0
398 silly placeDep ROOT @eslint/core@1.2.1 OK for: eslint@10.8.0 want: ^1.2.1
399 silly placeDep ROOT @eslint/plugin-kit@0.7.2 OK for: eslint@10.8.0 want: ^0.7.2
400 silly placeDep ROOT @humanfs/node@0.16.8 OK for: eslint@10.8.0 want: ^0.16.6
401 silly placeDep ROOT @humanwhocodes/module-importer@1.0.1 OK for: eslint@10.8.0 want: ^1.0.1
402 silly placeDep ROOT @humanwhocodes/retry@0.4.3 OK for: eslint@10.8.0 want: ^0.4.2
403 silly placeDep ROOT @types/estree@1.0.9 OK for: eslint@10.8.0 want: ^1.0.6
404 silly placeDep ROOT ajv@6.15.0 OK for: eslint@10.8.0 want: ^6.14.0
405 silly placeDep ROOT cross-spawn@7.0.6 OK for: eslint@10.8.0 want: ^7.0.6
406 silly placeDep ROOT debug@4.4.3 OK for: eslint@10.8.0 want: ^4.3.2
407 silly placeDep ROOT escape-string-regexp@4.0.0 OK for: eslint@10.8.0 want: ^4.0.0
408 silly placeDep ROOT eslint-scope@9.1.2 OK for: eslint@10.8.0 want: ^9.1.2
409 silly placeDep ROOT eslint-visitor-keys@5.0.1 OK for: eslint@10.8.0 want: ^5.0.1
410 silly placeDep ROOT espree@11.2.0 OK for: eslint@10.8.0 want: ^11.2.0
411 silly placeDep ROOT esquery@1.7.0 OK for: eslint@10.8.0 want: ^1.7.0
412 silly placeDep ROOT esutils@2.0.3 OK for: eslint@10.8.0 want: ^2.0.2
413 silly placeDep ROOT fast-deep-equal@3.1.3 OK for: eslint@10.8.0 want: ^3.1.3
414 silly placeDep ROOT file-entry-cache@8.0.0 OK for: eslint@10.8.0 want: ^8.0.0
415 silly placeDep ROOT find-up@5.0.0 OK for: eslint@10.8.0 want: ^5.0.0
416 silly placeDep ROOT glob-parent@6.0.2 OK for: eslint@10.8.0 want: ^6.0.2
417 silly placeDep ROOT ignore@5.3.2 OK for: eslint@10.8.0 want: ^5.2.0
418 silly placeDep ROOT imurmurhash@0.1.4 OK for: eslint@10.8.0 want: ^0.1.4
419 silly placeDep ROOT is-glob@4.0.3 OK for: eslint@10.8.0 want: ^4.0.0
420 silly placeDep ROOT json-stable-stringify-without-jsonify@1.0.1 OK for: eslint@10.8.0 want: ^1.0.1
421 silly placeDep ROOT minimatch@10.2.6 OK for: eslint@10.8.0 want: ^10.2.5
422 silly placeDep ROOT natural-compare@1.4.0 OK for: eslint@10.8.0 want: ^1.4.0
423 silly placeDep ROOT optionator@0.9.4 OK for: eslint@10.8.0 want: ^0.9.3
424 silly fetch manifest eslint-visitor-keys@^3.4.3
425 silly packumentCache full:https://registry.npmjs.org/eslint-visitor-keys cache-miss
426 silly fetch manifest @eslint/object-schema@^3.0.5
427 silly packumentCache full:https://registry.npmjs.org/@eslint%2fobject-schema cache-miss
428 silly fetch manifest debug@^4.3.1
429 silly packumentCache full:https://registry.npmjs.org/debug cache-miss
430 silly fetch manifest minimatch@^10.2.4
431 silly packumentCache full:https://registry.npmjs.org/minimatch cache-miss
432 silly fetch manifest @types/json-schema@^7.0.15
433 silly packumentCache full:https://registry.npmjs.org/@types%2fjson-schema cache-miss
434 silly fetch manifest levn@^0.4.1
435 silly packumentCache full:https://registry.npmjs.org/levn cache-miss
436 silly fetch manifest @humanwhocodes/retry@^0.4.0
437 silly packumentCache full:https://registry.npmjs.org/@humanwhocodes%2fretry cache-miss
438 silly fetch manifest @humanfs/core@^0.19.2
439 silly packumentCache full:https://registry.npmjs.org/@humanfs%2fcore cache-miss
440 silly fetch manifest @humanfs/types@^0.15.0
441 silly packumentCache full:https://registry.npmjs.org/@humanfs%2ftypes cache-miss
442 silly fetch manifest uri-js@^4.2.2
443 silly packumentCache full:https://registry.npmjs.org/uri-js cache-miss
444 silly fetch manifest fast-deep-equal@^3.1.1
445 silly packumentCache full:https://registry.npmjs.org/fast-deep-equal cache-miss
446 http cache https://registry.npmjs.org/debug 18ms (cache hit)
447 silly packumentCache full:https://registry.npmjs.org/debug set size:195840 disposed:false
448 silly fetch manifest json-schema-traverse@^0.4.1
449 silly packumentCache full:https://registry.npmjs.org/json-schema-traverse cache-miss
450 http cache https://registry.npmjs.org/eslint-visitor-keys 21ms (cache hit)
451 silly packumentCache full:https://registry.npmjs.org/eslint-visitor-keys set size:69949 disposed:false
452 silly fetch manifest fast-json-stable-stringify@^2.0.0
453 silly packumentCache full:https://registry.npmjs.org/fast-json-stable-stringify cache-miss
454 http cache https://registry.npmjs.org/@humanwhocodes%2fretry 23ms (cache hit)
455 silly packumentCache full:https://registry.npmjs.org/@humanwhocodes%2fretry set size:42348 disposed:false
456 silly fetch manifest which@^2.0.1
457 silly packumentCache full:https://registry.npmjs.org/which cache-miss
458 http cache https://registry.npmjs.org/minimatch 26ms (cache hit)
459 silly packumentCache full:https://registry.npmjs.org/minimatch set size:377924 disposed:false
460 silly fetch manifest path-key@^3.1.0
461 silly packumentCache full:https://registry.npmjs.org/path-key cache-miss
462 http cache https://registry.npmjs.org/fast-deep-equal 27ms (cache hit)
463 silly packumentCache full:https://registry.npmjs.org/fast-deep-equal set size:48634 disposed:false
464 silly fetch manifest shebang-command@^2.0.0
465 silly packumentCache full:https://registry.npmjs.org/shebang-command cache-miss
466 http fetch GET 200 https://registry.npmjs.org/uri-js 45ms (cache miss)
467 silly packumentCache full:https://registry.npmjs.org/uri-js set size:undefined disposed:false
468 silly fetch manifest ms@^2.1.3
469 silly packumentCache full:https://registry.npmjs.org/ms cache-miss
470 http fetch GET 200 https://registry.npmjs.org/levn 57ms (cache miss)
471 silly packumentCache full:https://registry.npmjs.org/levn set size:undefined disposed:false
472 silly fetch manifest @types/esrecurse@^4.3.1
473 silly packumentCache full:https://registry.npmjs.org/@types%2fesrecurse cache-miss
474 http fetch GET 200 https://registry.npmjs.org/@humanfs%2fcore 65ms (cache miss)
475 silly packumentCache full:https://registry.npmjs.org/@humanfs%2fcore set size:undefined disposed:false
476 silly fetch manifest esrecurse@^4.3.0
477 silly packumentCache full:https://registry.npmjs.org/esrecurse cache-miss
478 http fetch GET 200 https://registry.npmjs.org/shebang-command 51ms (cache miss)
479 silly packumentCache full:https://registry.npmjs.org/shebang-command set size:undefined disposed:false
480 silly fetch manifest estraverse@^5.2.0
481 silly packumentCache full:https://registry.npmjs.org/estraverse cache-miss
482 http fetch GET 200 https://registry.npmjs.org/path-key 56ms (cache miss)
483 silly packumentCache full:https://registry.npmjs.org/path-key set size:undefined disposed:false
484 silly fetch manifest acorn@^8.16.0
485 silly packumentCache full:https://registry.npmjs.org/acorn cache-miss
486 http fetch GET 200 https://registry.npmjs.org/json-schema-traverse 69ms (cache miss)
487 silly packumentCache full:https://registry.npmjs.org/json-schema-traverse set size:undefined disposed:false
488 silly fetch manifest acorn-jsx@^5.3.2
489 silly packumentCache full:https://registry.npmjs.org/acorn-jsx cache-miss
490 http fetch GET 200 https://registry.npmjs.org/ms 47ms (cache miss)
491 silly packumentCache full:https://registry.npmjs.org/ms set size:undefined disposed:false
492 silly fetch manifest estraverse@^5.1.0
493 silly packumentCache full:https://registry.npmjs.org/estraverse cache-miss
494 http fetch GET 200 https://registry.npmjs.org/which 93ms (cache miss)
495 silly packumentCache full:https://registry.npmjs.org/which set size:undefined disposed:false
496 silly fetch manifest flat-cache@^4.0.0
497 silly packumentCache full:https://registry.npmjs.org/flat-cache cache-miss
498 http fetch GET 200 https://registry.npmjs.org/estraverse 58ms (cache miss)
499 silly packumentCache full:https://registry.npmjs.org/estraverse set size:undefined disposed:false
500 silly fetch manifest locate-path@^6.0.0
501 silly packumentCache full:https://registry.npmjs.org/locate-path cache-miss
502 http fetch GET 200 https://registry.npmjs.org/estraverse 46ms (cache miss)
503 silly packumentCache full:https://registry.npmjs.org/estraverse set size:undefined disposed:false
504 silly fetch manifest path-exists@^4.0.0
505 silly packumentCache full:https://registry.npmjs.org/path-exists cache-miss
506 http fetch GET 200 https://registry.npmjs.org/path-exists 37ms (cache miss)
507 silly packumentCache full:https://registry.npmjs.org/path-exists set size:undefined disposed:false
508 silly fetch manifest is-glob@^4.0.3
509 silly packumentCache full:https://registry.npmjs.org/is-glob cache-miss
510 http fetch GET 200 https://registry.npmjs.org/acorn-jsx 92ms (cache miss)
511 silly packumentCache full:https://registry.npmjs.org/acorn-jsx set size:undefined disposed:false
512 silly fetch manifest is-extglob@^2.1.1
513 silly packumentCache full:https://registry.npmjs.org/is-extglob cache-miss
514 http cache https://registry.npmjs.org/is-glob 5ms (cache hit)
515 silly packumentCache full:https://registry.npmjs.org/is-glob set size:40530 disposed:false
516 silly fetch manifest brace-expansion@^5.0.8
517 silly packumentCache full:https://registry.npmjs.org/brace-expansion cache-miss
518 http fetch GET 200 https://registry.npmjs.org/locate-path 52ms (cache miss)
519 silly packumentCache full:https://registry.npmjs.org/locate-path set size:undefined disposed:false
520 silly fetch manifest prelude-ls@^1.2.1
521 silly packumentCache full:https://registry.npmjs.org/prelude-ls cache-miss
522 http fetch GET 200 https://registry.npmjs.org/acorn 134ms (cache miss)
523 silly packumentCache full:https://registry.npmjs.org/acorn set size:undefined disposed:false
524 silly fetch manifest deep-is@^0.1.3
525 silly packumentCache full:https://registry.npmjs.org/deep-is cache-miss
526 http fetch GET 200 https://registry.npmjs.org/@humanfs%2ftypes 232ms (cache miss)
527 silly packumentCache full:https://registry.npmjs.org/@humanfs%2ftypes set size:undefined disposed:false
528 silly fetch manifest word-wrap@^1.2.5
529 silly packumentCache full:https://registry.npmjs.org/word-wrap cache-miss
530 http fetch GET 200 https://registry.npmjs.org/@types%2fjson-schema 240ms (cache miss)
531 silly packumentCache full:https://registry.npmjs.org/@types%2fjson-schema set size:undefined disposed:false
532 silly fetch manifest type-check@^0.4.0
533 silly packumentCache full:https://registry.npmjs.org/type-check cache-miss
534 http fetch GET 200 https://registry.npmjs.org/is-extglob 58ms (cache miss)
535 silly packumentCache full:https://registry.npmjs.org/is-extglob set size:undefined disposed:false
536 silly fetch manifest fast-levenshtein@^2.0.6
537 silly packumentCache full:https://registry.npmjs.org/fast-levenshtein cache-miss
538 http fetch GET 200 https://registry.npmjs.org/brace-expansion 53ms (cache miss)
539 silly packumentCache full:https://registry.npmjs.org/brace-expansion set size:undefined disposed:false
540 http fetch GET 200 https://registry.npmjs.org/prelude-ls 53ms (cache miss)
541 silly packumentCache full:https://registry.npmjs.org/prelude-ls set size:undefined disposed:false
542 http fetch GET 200 https://registry.npmjs.org/@eslint%2fobject-schema 252ms (cache miss)
543 silly packumentCache full:https://registry.npmjs.org/@eslint%2fobject-schema set size:undefined disposed:false
544 http fetch GET 200 https://registry.npmjs.org/fast-json-stable-stringify 249ms (cache miss)
545 silly packumentCache full:https://registry.npmjs.org/fast-json-stable-stringify set size:undefined disposed:false
546 http fetch GET 200 https://registry.npmjs.org/esrecurse 221ms (cache miss)
547 silly packumentCache full:https://registry.npmjs.org/esrecurse set size:undefined disposed:false
548 http fetch GET 200 https://registry.npmjs.org/fast-levenshtein 47ms (cache miss)
549 silly packumentCache full:https://registry.npmjs.org/fast-levenshtein set size:undefined disposed:false
550 http fetch GET 200 https://registry.npmjs.org/word-wrap 57ms (cache miss)
551 silly packumentCache full:https://registry.npmjs.org/word-wrap set size:undefined disposed:false
552 http fetch GET 200 https://registry.npmjs.org/@types%2fesrecurse 233ms (cache miss)
553 silly packumentCache full:https://registry.npmjs.org/@types%2fesrecurse set size:undefined disposed:false
554 http fetch GET 200 https://registry.npmjs.org/type-check 57ms (cache miss)
555 silly packumentCache full:https://registry.npmjs.org/type-check set size:undefined disposed:false
556 http fetch GET 200 https://registry.npmjs.org/flat-cache 271ms (cache miss)
557 silly packumentCache full:https://registry.npmjs.org/flat-cache set size:undefined disposed:false
558 http fetch GET 200 https://registry.npmjs.org/deep-is 219ms (cache miss)
559 silly packumentCache full:https://registry.npmjs.org/deep-is set size:undefined disposed:false
560 silly placeDep node_modules/@eslint-community/eslint-utils eslint-visitor-keys@3.4.3 OK for: @eslint-community/eslint-utils@4.10.1 want: ^3.4.3
561 silly placeDep ROOT @eslint/object-schema@3.0.5 OK for: @eslint/config-array@0.23.5 want: ^3.0.5
562 silly placeDep ROOT @types/json-schema@7.0.15 OK for: @eslint/core@1.2.1 want: ^7.0.15
563 silly placeDep ROOT levn@0.4.1 OK for: @eslint/plugin-kit@0.7.2 want: ^0.4.1
564 silly fetch manifest type-check@~0.4.0
565 silly packumentCache full:https://registry.npmjs.org/type-check cache-miss
566 http cache https://registry.npmjs.org/type-check 5ms (cache hit)
567 silly packumentCache full:https://registry.npmjs.org/type-check set size:21221 disposed:false
568 silly placeDep ROOT @humanfs/core@0.19.2 OK for: @humanfs/node@0.16.8 want: ^0.19.2
569 silly placeDep ROOT @humanfs/types@0.15.0 OK for: @humanfs/node@0.16.8 want: ^0.15.0
570 silly placeDep ROOT fast-json-stable-stringify@2.1.0 OK for: ajv@6.15.0 want: ^2.0.0
571 silly placeDep ROOT json-schema-traverse@0.4.1 OK for: ajv@6.15.0 want: ^0.4.1
572 silly placeDep ROOT uri-js@4.4.1 OK for: ajv@6.15.0 want: ^4.2.2
573 silly fetch manifest punycode@^2.1.0
574 silly packumentCache full:https://registry.npmjs.org/punycode cache-miss
575 http fetch GET 200 https://registry.npmjs.org/punycode 88ms (cache miss)
576 silly packumentCache full:https://registry.npmjs.org/punycode set size:undefined disposed:false
577 silly placeDep ROOT path-key@3.1.1 OK for: cross-spawn@7.0.6 want: ^3.1.0
578 silly placeDep ROOT shebang-command@2.0.0 OK for: cross-spawn@7.0.6 want: ^2.0.0
579 silly placeDep ROOT which@2.0.2 OK for: cross-spawn@7.0.6 want: ^2.0.1
580 silly fetch manifest shebang-regex@^3.0.0
581 silly packumentCache full:https://registry.npmjs.org/shebang-regex cache-miss
582 silly fetch manifest isexe@^2.0.0
583 silly packumentCache full:https://registry.npmjs.org/isexe cache-miss
584 http fetch GET 200 https://registry.npmjs.org/shebang-regex 53ms (cache miss)
585 silly packumentCache full:https://registry.npmjs.org/shebang-regex set size:undefined disposed:false
586 http fetch GET 200 https://registry.npmjs.org/isexe 56ms (cache miss)
587 silly packumentCache full:https://registry.npmjs.org/isexe set size:undefined disposed:false
588 silly placeDep ROOT ms@2.1.3 OK for: debug@4.4.3 want: ^2.1.3
589 silly fetch manifest eslint@>=9.0.0
590 silly packumentCache full:https://registry.npmjs.org/eslint cache-miss
591 http cache https://registry.npmjs.org/eslint 8ms (cache hit)
592 silly packumentCache full:https://registry.npmjs.org/eslint set size:2040662 disposed:false
593 silly fetch manifest typescript@>=3.3.1
594 silly packumentCache full:https://registry.npmjs.org/typescript cache-miss
595 http cache https://registry.npmjs.org/typescript 27ms (cache hit)
596 silly packumentCache full:https://registry.npmjs.org/typescript set size:15493019 disposed:false
597 silly fetch manifest typescript@>=4.8.4 <6.1.0
598 silly packumentCache full:https://registry.npmjs.org/typescript cache-miss
599 http cache https://registry.npmjs.org/typescript 35ms (cache hit)
600 silly packumentCache full:https://registry.npmjs.org/typescript set size:15493019 disposed:false
601 silly fetch manifest eslint@^3 || ^4 || ^5 || ^6 || ^7 || ^8 || ^9.7
602 silly packumentCache full:https://registry.npmjs.org/eslint cache-miss
603 http cache https://registry.npmjs.org/eslint 15ms (cache hit)
604 silly packumentCache full:https://registry.npmjs.org/eslint set size:2040662 disposed:false
605 silly fetch manifest eslint@^2 || ^3 || ^4 || ^5 || ^6 || ^7.2.0 || ^8 || ^9
606 silly packumentCache full:https://registry.npmjs.org/eslint cache-miss
607 http cache https://registry.npmjs.org/eslint 7ms (cache hit)
608 silly packumentCache full:https://registry.npmjs.org/eslint set size:2040662 disposed:false
609 silly fetch manifest eslint@^3 || ^4 || ^5 || ^6 || ^7 || ^8 || ^9
610 silly packumentCache full:https://registry.npmjs.org/eslint cache-miss
611 http cache https://registry.npmjs.org/eslint 7ms (cache hit)
612 silly packumentCache full:https://registry.npmjs.org/eslint set size:2040662 disposed:false
613 silly fetch manifest eslint-plugin-import-x@*
614 silly packumentCache full:https://registry.npmjs.org/eslint-plugin-import-x cache-miss
615 http fetch GET 200 https://registry.npmjs.org/eslint-plugin-import-x 86ms (cache miss)
616 silly packumentCache full:https://registry.npmjs.org/eslint-plugin-import-x set size:undefined disposed:false
617 silly fetch manifest @typescript-eslint/utils@^8.56.0
618 silly packumentCache full:https://registry.npmjs.org/@typescript-eslint%2futils cache-miss
619 http fetch GET 200 https://registry.npmjs.org/@typescript-eslint%2futils 694ms (cache miss)
620 silly packumentCache full:https://registry.npmjs.org/@typescript-eslint%2futils set size:undefined disposed:false
621 silly placeDep ROOT @next/eslint-plugin-next@16.2.12 OK for: eslint-config-next@16.2.12 want: 16.2.12
622 silly placeDep ROOT eslint-import-resolver-node@0.3.10 OK for: eslint-config-next@16.2.12 want: ^0.3.6
623 silly placeDep ROOT eslint-import-resolver-typescript@3.10.1 OK for: eslint-config-next@16.2.12 want: ^3.5.2
624 silly placeDep ROOT eslint-plugin-import@2.32.0 OK for: eslint-config-next@16.2.12 want: ^2.32.0
625 silly placeDep ROOT eslint@9.39.5 REPLACE for: eslint-plugin-import@2.32.0 want: ^2 || ^3 || ^4 || ^5 || ^6 || ^7.2.0 || ^8 || ^9
626 silly placeDep ROOT eslint-plugin-jsx-a11y@6.10.2 OK for: eslint-config-next@16.2.12 want: ^6.10.0
627 silly placeDep ROOT eslint-plugin-react@7.37.5 OK for: eslint-config-next@16.2.12 want: ^7.37.0
628 silly placeDep ROOT eslint-plugin-react-hooks@7.1.1 OK for: eslint-config-next@16.2.12 want: ^7.0.0
629 silly placeDep ROOT globals@16.4.0 OK for: eslint-config-next@16.2.12 want: 16.4.0
630 silly placeDep ROOT typescript-eslint@8.65.0 OK for: eslint-config-next@16.2.12 want: ^8.46.0
631 silly placeDep ROOT typescript@6.0.3 REPLACE for: typescript-eslint@8.65.0 want: >=4.8.4 <6.1.0
632 silly fetch manifest fast-glob@3.3.1
633 silly packumentCache full:https://registry.npmjs.org/fast-glob cache-miss
634 silly fetch manifest debug@^3.2.7
635 silly packumentCache full:https://registry.npmjs.org/debug cache-hit
636 silly fetch manifest resolve@^2.0.0-next.6
637 silly packumentCache full:https://registry.npmjs.org/resolve cache-miss
638 silly fetch manifest is-core-module@^2.16.1
639 silly packumentCache full:https://registry.npmjs.org/is-core-module cache-miss
640 silly fetch manifest tinyglobby@^0.2.13
641 silly packumentCache full:https://registry.npmjs.org/tinyglobby cache-miss
642 silly fetch manifest stable-hash@^0.0.5
643 silly packumentCache full:https://registry.npmjs.org/stable-hash cache-miss
644 silly fetch manifest get-tsconfig@^4.10.0
645 silly packumentCache full:https://registry.npmjs.org/get-tsconfig cache-miss
646 silly fetch manifest is-bun-module@^2.0.0
647 silly packumentCache full:https://registry.npmjs.org/is-bun-module cache-miss
648 silly fetch manifest unrs-resolver@^1.6.2
649 silly packumentCache full:https://registry.npmjs.org/unrs-resolver cache-miss
650 silly fetch manifest @nolyfill/is-core-module@1.0.39
651 silly packumentCache full:https://registry.npmjs.org/@nolyfill%2fis-core-module cache-miss
652 silly fetch manifest @rtsao/scc@^1.1.0
653 silly packumentCache full:https://registry.npmjs.org/@rtsao%2fscc cache-miss
654 silly fetch manifest array-includes@^3.1.9
655 silly packumentCache full:https://registry.npmjs.org/array-includes cache-miss
656 http fetch GET 200 https://registry.npmjs.org/stable-hash 82ms (cache miss)
657 silly packumentCache full:https://registry.npmjs.org/stable-hash set size:undefined disposed:false
658 silly fetch manifest array.prototype.findlastindex@^1.2.6
659 silly packumentCache full:https://registry.npmjs.org/array.prototype.findlastindex cache-miss
660 http fetch GET 200 https://registry.npmjs.org/is-bun-module 83ms (cache miss)
661 silly packumentCache full:https://registry.npmjs.org/is-bun-module set size:undefined disposed:false
662 silly fetch manifest array.prototype.flat@^1.3.3
663 silly packumentCache full:https://registry.npmjs.org/array.prototype.flat cache-miss
664 http fetch GET 200 https://registry.npmjs.org/array-includes 82ms (cache miss)
665 silly packumentCache full:https://registry.npmjs.org/array-includes set size:undefined disposed:false
666 silly fetch manifest array.prototype.flatmap@^1.3.3
667 silly packumentCache full:https://registry.npmjs.org/array.prototype.flatmap cache-miss
668 http fetch GET 200 https://registry.npmjs.org/@nolyfill%2fis-core-module 92ms (cache miss)
669 silly packumentCache full:https://registry.npmjs.org/@nolyfill%2fis-core-module set size:undefined disposed:false
670 silly fetch manifest doctrine@^2.1.0
671 silly packumentCache full:https://registry.npmjs.org/doctrine cache-miss
672 http fetch GET 200 https://registry.npmjs.org/unrs-resolver 94ms (cache miss)
673 silly packumentCache full:https://registry.npmjs.org/unrs-resolver set size:undefined disposed:false
674 silly fetch manifest eslint-module-utils@^2.12.1
675 silly packumentCache full:https://registry.npmjs.org/eslint-module-utils cache-miss
676 http fetch GET 200 https://registry.npmjs.org/is-core-module 99ms (cache miss)
677 silly packumentCache full:https://registry.npmjs.org/is-core-module set size:undefined disposed:false
678 silly fetch manifest hasown@^2.0.2
679 silly packumentCache full:https://registry.npmjs.org/hasown cache-miss
680 http fetch GET 200 https://registry.npmjs.org/fast-glob 110ms (cache miss)
681 silly packumentCache full:https://registry.npmjs.org/fast-glob set size:undefined disposed:false
682 silly fetch manifest minimatch@^3.1.2
683 silly packumentCache full:https://registry.npmjs.org/minimatch cache-hit
684 silly fetch manifest object.fromentries@^2.0.8
685 silly packumentCache full:https://registry.npmjs.org/object.fromentries cache-miss
686 http fetch GET 200 https://registry.npmjs.org/resolve 117ms (cache miss)
687 silly packumentCache full:https://registry.npmjs.org/resolve set size:undefined disposed:false
688 silly fetch manifest object.groupby@^1.0.3
689 silly packumentCache full:https://registry.npmjs.org/object.groupby cache-miss
690 http fetch GET 200 https://registry.npmjs.org/hasown 70ms (cache miss)
691 silly packumentCache full:https://registry.npmjs.org/hasown set size:undefined disposed:false
692 silly fetch manifest object.values@^1.2.1
693 silly packumentCache full:https://registry.npmjs.org/object.values cache-miss
694 http fetch GET 200 https://registry.npmjs.org/array.prototype.findlastindex 89ms (cache miss)
695 silly packumentCache full:https://registry.npmjs.org/array.prototype.findlastindex set size:undefined disposed:false
696 silly fetch manifest semver@^6.3.1
697 silly packumentCache full:https://registry.npmjs.org/semver cache-miss
698 http fetch GET 200 https://registry.npmjs.org/eslint-module-utils 82ms (cache miss)
699 silly packumentCache full:https://registry.npmjs.org/eslint-module-utils set size:undefined disposed:false
700 silly fetch manifest string.prototype.trimend@^1.0.9
701 silly packumentCache full:https://registry.npmjs.org/string.prototype.trimend cache-miss
702 http fetch GET 200 https://registry.npmjs.org/array.prototype.flat 97ms (cache miss)
703 silly packumentCache full:https://registry.npmjs.org/array.prototype.flat set size:undefined disposed:false
704 silly fetch manifest tsconfig-paths@^3.15.0
705 silly packumentCache full:https://registry.npmjs.org/tsconfig-paths cache-miss
706 http fetch GET 200 https://registry.npmjs.org/array.prototype.flatmap 100ms (cache miss)
707 silly packumentCache full:https://registry.npmjs.org/array.prototype.flatmap set size:undefined disposed:false
708 silly fetch manifest chalk@^4.0.0
709 silly packumentCache full:https://registry.npmjs.org/chalk cache-miss
710 http fetch GET 200 https://registry.npmjs.org/@rtsao%2fscc 254ms (cache miss)
711 silly packumentCache full:https://registry.npmjs.org/@rtsao%2fscc set size:undefined disposed:false
712 silly fetch manifest espree@^10.4.0
713 silly packumentCache full:https://registry.npmjs.org/espree cache-miss
714 http fetch GET 200 https://registry.npmjs.org/string.prototype.trimend 77ms (cache miss)
715 silly packumentCache full:https://registry.npmjs.org/string.prototype.trimend set size:undefined disposed:false
716 silly fetch manifest minimatch@^3.1.5
717 silly packumentCache full:https://registry.npmjs.org/minimatch cache-hit
718 silly fetch manifest @eslint/js@9.39.5
719 silly packumentCache full:https://registry.npmjs.org/@eslint%2fjs cache-miss
720 http fetch GET 200 https://registry.npmjs.org/object.values 89ms (cache miss)
721 silly packumentCache full:https://registry.npmjs.org/object.values set size:undefined disposed:false
722 silly fetch manifest @eslint/core@^0.17.0
723 silly packumentCache full:https://registry.npmjs.org/@eslint%2fcore cache-miss
724 http fetch GET 200 https://registry.npmjs.org/tinyglobby 262ms (cache miss)
725 silly packumentCache full:https://registry.npmjs.org/tinyglobby set size:undefined disposed:false
726 silly fetch manifest eslint-scope@^8.4.0
727 silly packumentCache full:https://registry.npmjs.org/eslint-scope cache-miss
728 http fetch GET 200 https://registry.npmjs.org/get-tsconfig 263ms (cache miss)
729 silly packumentCache full:https://registry.npmjs.org/get-tsconfig set size:undefined disposed:false
730 silly fetch manifest lodash.merge@^4.6.2
731 silly packumentCache full:https://registry.npmjs.org/lodash.merge cache-miss
732 http cache https://registry.npmjs.org/espree 13ms (cache hit)
733 silly packumentCache full:https://registry.npmjs.org/espree set size:326080 disposed:false
734 silly fetch manifest @eslint/eslintrc@^3.3.6
735 silly packumentCache full:https://registry.npmjs.org/@eslint%2feslintrc cache-miss
736 http fetch GET 200 https://registry.npmjs.org/semver 101ms (cache miss)
737 silly packumentCache full:https://registry.npmjs.org/semver set size:undefined disposed:false
738 silly fetch manifest @eslint/plugin-kit@^0.4.1
739 silly packumentCache full:https://registry.npmjs.org/@eslint%2fplugin-kit cache-miss
740 http cache https://registry.npmjs.org/@eslint%2fcore 18ms (cache hit)
741 silly packumentCache full:https://registry.npmjs.org/@eslint%2fcore set size:58023 disposed:false
742 silly fetch manifest eslint-visitor-keys@^4.2.1
743 silly packumentCache full:https://registry.npmjs.org/eslint-visitor-keys cache-hit
744 silly fetch manifest @eslint/config-array@^0.21.2
745 silly packumentCache full:https://registry.npmjs.org/@eslint%2fconfig-array cache-miss
746 http cache https://registry.npmjs.org/eslint-scope 18ms (cache hit)
747 silly packumentCache full:https://registry.npmjs.org/eslint-scope set size:98867 disposed:false
748 silly fetch manifest @eslint/config-helpers@^0.4.2
749 silly packumentCache full:https://registry.npmjs.org/@eslint%2fconfig-helpers cache-miss
750 http cache https://registry.npmjs.org/@eslint%2fplugin-kit 7ms (cache hit)
751 silly packumentCache full:https://registry.npmjs.org/@eslint%2fplugin-kit set size:76057 disposed:false
752 silly fetch manifest aria-query@^5.3.2
753 silly packumentCache full:https://registry.npmjs.org/aria-query cache-miss
754 http cache https://registry.npmjs.org/@eslint%2fconfig-array 8ms (cache hit)
755 silly packumentCache full:https://registry.npmjs.org/@eslint%2fconfig-array set size:74140 disposed:false
756 silly fetch manifest array-includes@^3.1.8
757 silly packumentCache full:https://registry.npmjs.org/array-includes cache-miss
758 http cache https://registry.npmjs.org/@eslint%2fconfig-helpers 7ms (cache hit)
759 silly packumentCache full:https://registry.npmjs.org/@eslint%2fconfig-helpers set size:55216 disposed:false
760 silly fetch manifest array.prototype.flatmap@^1.3.2
761 silly packumentCache full:https://registry.npmjs.org/array.prototype.flatmap cache-miss
762 http cache https://registry.npmjs.org/array-includes 5ms (cache hit)
763 silly packumentCache full:https://registry.npmjs.org/array-includes set size:77143 disposed:false
764 silly fetch manifest ast-types-flow@^0.0.8
765 silly packumentCache full:https://registry.npmjs.org/ast-types-flow cache-miss
766 http cache https://registry.npmjs.org/array.prototype.flatmap 6ms (cache hit)
767 silly packumentCache full:https://registry.npmjs.org/array.prototype.flatmap set size:51458 disposed:false
768 silly fetch manifest axe-core@^4.10.0
769 silly packumentCache full:https://registry.npmjs.org/axe-core cache-miss
770 http fetch GET 200 https://registry.npmjs.org/object.fromentries 209ms (cache miss)
771 silly packumentCache full:https://registry.npmjs.org/object.fromentries set size:undefined disposed:false
772 silly fetch manifest axobject-query@^4.1.0
773 silly packumentCache full:https://registry.npmjs.org/axobject-query cache-miss
774 http fetch GET 200 https://registry.npmjs.org/chalk 139ms (cache miss)
775 silly packumentCache full:https://registry.npmjs.org/chalk set size:undefined disposed:false
776 silly fetch manifest damerau-levenshtein@^1.0.8
777 silly packumentCache full:https://registry.npmjs.org/damerau-levenshtein cache-miss
778 http fetch GET 200 https://registry.npmjs.org/tsconfig-paths 147ms (cache miss)
779 silly packumentCache full:https://registry.npmjs.org/tsconfig-paths set size:undefined disposed:false
780 silly fetch manifest emoji-regex@^9.2.2
781 silly packumentCache full:https://registry.npmjs.org/emoji-regex cache-miss
782 http fetch GET 200 https://registry.npmjs.org/lodash.merge 120ms (cache miss)
783 silly packumentCache full:https://registry.npmjs.org/lodash.merge set size:undefined disposed:false
784 silly fetch manifest jsx-ast-utils@^3.3.5
785 silly packumentCache full:https://registry.npmjs.org/jsx-ast-utils cache-miss
786 http fetch GET 200 https://registry.npmjs.org/object.groupby 269ms (cache miss)
787 silly packumentCache full:https://registry.npmjs.org/object.groupby set size:undefined disposed:false
788 silly fetch manifest language-tags@^1.0.9
789 silly packumentCache full:https://registry.npmjs.org/language-tags cache-miss
790 http fetch GET 200 https://registry.npmjs.org/aria-query 131ms (cache miss)
791 silly packumentCache full:https://registry.npmjs.org/aria-query set size:undefined disposed:false
792 silly fetch manifest safe-regex-test@^1.0.3
793 silly packumentCache full:https://registry.npmjs.org/safe-regex-test cache-miss
794 http fetch GET 200 https://registry.npmjs.org/doctrine 404ms (cache miss)
795 silly packumentCache full:https://registry.npmjs.org/doctrine set size:undefined disposed:false
796 silly fetch manifest string.prototype.includes@^2.0.1
797 silly packumentCache full:https://registry.npmjs.org/string.prototype.includes cache-miss
798 http fetch GET 200 https://registry.npmjs.org/ast-types-flow 205ms (cache miss)
799 silly packumentCache full:https://registry.npmjs.org/ast-types-flow set size:undefined disposed:false
800 silly fetch manifest array.prototype.findlast@^1.2.5
801 silly packumentCache full:https://registry.npmjs.org/array.prototype.findlast cache-miss
802 http fetch GET 200 https://registry.npmjs.org/@eslint%2feslintrc 253ms (cache miss)
803 silly packumentCache full:https://registry.npmjs.org/@eslint%2feslintrc set size:undefined disposed:false
804 silly fetch manifest array.prototype.tosorted@^1.1.4
805 silly packumentCache full:https://registry.npmjs.org/array.prototype.tosorted cache-miss
806 http fetch GET 200 https://registry.npmjs.org/damerau-levenshtein 201ms (cache miss)
807 silly packumentCache full:https://registry.npmjs.org/damerau-levenshtein set size:undefined disposed:false
808 silly fetch manifest es-iterator-helpers@^1.2.1
809 silly packumentCache full:https://registry.npmjs.org/es-iterator-helpers cache-miss
810 http fetch GET 200 https://registry.npmjs.org/language-tags 179ms (cache miss)
811 silly packumentCache full:https://registry.npmjs.org/language-tags set size:undefined disposed:false
812 silly fetch manifest estraverse@^5.3.0
813 silly packumentCache full:https://registry.npmjs.org/estraverse cache-miss
814 http fetch GET 200 https://registry.npmjs.org/emoji-regex 238ms (cache miss)
815 silly packumentCache full:https://registry.npmjs.org/emoji-regex set size:undefined disposed:false
816 silly fetch manifest jsx-ast-utils@^2.4.1 || ^3.0.0
817 silly packumentCache full:https://registry.npmjs.org/jsx-ast-utils cache-miss
818 http fetch GET 200 https://registry.npmjs.org/safe-regex-test 152ms (cache miss)
819 silly packumentCache full:https://registry.npmjs.org/safe-regex-test set size:undefined disposed:false
820 silly fetch manifest object.entries@^1.1.9
821 silly packumentCache full:https://registry.npmjs.org/object.entries cache-miss
822 http fetch GET 200 https://registry.npmjs.org/jsx-ast-utils 189ms (cache miss)
823 silly packumentCache full:https://registry.npmjs.org/jsx-ast-utils set size:undefined disposed:false
824 silly fetch manifest prop-types@^15.8.1
825 silly packumentCache full:https://registry.npmjs.org/prop-types cache-miss
826 http fetch GET 200 https://registry.npmjs.org/@eslint%2fjs 321ms (cache miss)
827 silly packumentCache full:https://registry.npmjs.org/@eslint%2fjs set size:undefined disposed:false
828 silly fetch manifest resolve@^2.0.0-next.5
829 silly packumentCache full:https://registry.npmjs.org/resolve cache-miss
830 http fetch GET 200 https://registry.npmjs.org/array.prototype.findlast 83ms (cache miss)
831 silly packumentCache full:https://registry.npmjs.org/array.prototype.findlast set size:undefined disposed:false
832 silly fetch manifest string.prototype.matchall@^4.0.12
833 silly packumentCache full:https://registry.npmjs.org/string.prototype.matchall cache-miss
834 http cache https://registry.npmjs.org/estraverse 19ms (cache hit)
835 silly packumentCache full:https://registry.npmjs.org/estraverse set size:62412 disposed:false
836 silly fetch manifest string.prototype.repeat@^1.0.0
837 silly packumentCache full:https://registry.npmjs.org/string.prototype.repeat cache-miss
838 http fetch GET 200 https://registry.npmjs.org/axobject-query 268ms (cache miss)
839 silly packumentCache full:https://registry.npmjs.org/axobject-query set size:undefined disposed:false
840 silly fetch manifest zod@^3.25.0 || ^4.0.0
841 silly packumentCache full:https://registry.npmjs.org/zod cache-miss
842 http cache https://registry.npmjs.org/resolve 13ms (cache hit)
843 silly packumentCache full:https://registry.npmjs.org/resolve set size:244568 disposed:false
844 silly fetch manifest @babel/core@^7.24.4
845 silly packumentCache full:https://registry.npmjs.org/@babel%2fcore cache-miss
846 http fetch GET 200 https://registry.npmjs.org/object.entries 76ms (cache miss)
847 silly packumentCache full:https://registry.npmjs.org/object.entries set size:undefined disposed:false
848 silly fetch manifest @babel/parser@^7.24.4
849 silly packumentCache full:https://registry.npmjs.org/@babel%2fparser cache-miss
850 http fetch GET 200 https://registry.npmjs.org/es-iterator-helpers 124ms (cache miss)
851 silly packumentCache full:https://registry.npmjs.org/es-iterator-helpers set size:undefined disposed:false
852 silly fetch manifest hermes-parser@^0.25.1
853 silly packumentCache full:https://registry.npmjs.org/hermes-parser cache-miss
854 http fetch GET 200 https://registry.npmjs.org/prop-types 91ms (cache miss)
855 silly packumentCache full:https://registry.npmjs.org/prop-types set size:undefined disposed:false
856 silly fetch manifest zod-validation-error@^3.5.0 || ^4.0.0
857 silly packumentCache full:https://registry.npmjs.org/zod-validation-error cache-miss
858 http fetch GET 200 https://registry.npmjs.org/jsx-ast-utils 128ms (cache miss)
859 silly packumentCache full:https://registry.npmjs.org/jsx-ast-utils set size:undefined disposed:false
860 silly fetch manifest @typescript-eslint/utils@8.65.0
861 silly packumentCache full:https://registry.npmjs.org/@typescript-eslint%2futils cache-miss
862 http cache https://registry.npmjs.org/@typescript-eslint%2futils 21ms (cache hit)
863 silly packumentCache full:https://registry.npmjs.org/@typescript-eslint%2futils set size:10602878 disposed:false
864 silly fetch manifest @typescript-eslint/parser@8.65.0
865 silly packumentCache full:https://registry.npmjs.org/@typescript-eslint%2fparser cache-miss
866 http fetch GET 200 https://registry.npmjs.org/string.prototype.includes 303ms (cache miss)
867 silly packumentCache full:https://registry.npmjs.org/string.prototype.includes set size:undefined disposed:false
868 silly fetch manifest @typescript-eslint/eslint-plugin@8.65.0
869 silly packumentCache full:https://registry.npmjs.org/@typescript-eslint%2feslint-plugin cache-miss
870 http fetch GET 200 https://registry.npmjs.org/array.prototype.tosorted 295ms (cache miss)
871 silly packumentCache full:https://registry.npmjs.org/array.prototype.tosorted set size:undefined disposed:false
872 silly fetch manifest @typescript-eslint/typescript-estree@8.65.0
873 silly packumentCache full:https://registry.npmjs.org/@typescript-eslint%2ftypescript-estree cache-miss
874 http fetch GET 200 https://registry.npmjs.org/zod-validation-error 172ms (cache miss)
875 silly packumentCache full:https://registry.npmjs.org/zod-validation-error set size:undefined disposed:false
876 http fetch GET 200 https://registry.npmjs.org/hermes-parser 233ms (cache miss)
877 silly packumentCache full:https://registry.npmjs.org/hermes-parser set size:undefined disposed:false
878 http fetch GET 200 https://registry.npmjs.org/string.prototype.repeat 344ms (cache miss)
879 silly packumentCache full:https://registry.npmjs.org/string.prototype.repeat set size:undefined disposed:false
880 http fetch GET 200 https://registry.npmjs.org/@babel%2fcore 353ms (cache miss)
881 silly packumentCache full:https://registry.npmjs.org/@babel%2fcore set size:undefined disposed:false
882 http fetch GET 200 https://registry.npmjs.org/string.prototype.matchall 384ms (cache miss)
883 silly packumentCache full:https://registry.npmjs.org/string.prototype.matchall set size:undefined disposed:false
884 http fetch GET 200 https://registry.npmjs.org/@babel%2fparser 336ms (cache miss)
885 silly packumentCache full:https://registry.npmjs.org/@babel%2fparser set size:undefined disposed:false
886 http fetch GET 200 https://registry.npmjs.org/axe-core 838ms (cache miss)
887 silly packumentCache full:https://registry.npmjs.org/axe-core set size:undefined disposed:false
888 http fetch GET 200 https://registry.npmjs.org/zod 813ms (cache miss)
889 silly packumentCache full:https://registry.npmjs.org/zod set size:undefined disposed:false
890 http fetch GET 200 https://registry.npmjs.org/@typescript-eslint%2feslint-plugin 2205ms (cache miss)
891 silly packumentCache full:https://registry.npmjs.org/@typescript-eslint%2feslint-plugin set size:undefined disposed:false
892 http fetch GET 200 https://registry.npmjs.org/@typescript-eslint%2ftypescript-estree 2655ms (cache miss)
893 silly packumentCache full:https://registry.npmjs.org/@typescript-eslint%2ftypescript-estree set size:undefined disposed:false
894 http fetch GET 200 https://registry.npmjs.org/@typescript-eslint%2fparser 3506ms (cache miss)
895 silly packumentCache full:https://registry.npmjs.org/@typescript-eslint%2fparser set size:undefined disposed:false
896 silly placeDep ROOT fast-glob@3.3.1 OK for: @next/eslint-plugin-next@16.2.12 want: 3.3.1
897 silly fetch manifest merge2@^1.3.0
898 silly packumentCache full:https://registry.npmjs.org/merge2 cache-miss
899 silly fetch manifest micromatch@^4.0.4
900 silly packumentCache full:https://registry.npmjs.org/micromatch cache-miss
901 silly fetch manifest glob-parent@^5.1.2
902 silly packumentCache full:https://registry.npmjs.org/glob-parent cache-miss
903 silly fetch manifest @nodelib/fs.stat@^2.0.2
904 silly packumentCache full:https://registry.npmjs.org/@nodelib%2ffs.stat cache-miss
905 silly fetch manifest @nodelib/fs.walk@^1.2.3
906 silly packumentCache full:https://registry.npmjs.org/@nodelib%2ffs.walk cache-miss
907 http cache https://registry.npmjs.org/glob-parent 8ms (cache hit)
908 silly packumentCache full:https://registry.npmjs.org/glob-parent set size:42445 disposed:false
909 http fetch GET 200 https://registry.npmjs.org/merge2 327ms (cache miss)
910 silly packumentCache full:https://registry.npmjs.org/merge2 set size:undefined disposed:false
911 http fetch GET 200 https://registry.npmjs.org/micromatch 360ms (cache miss)
912 silly packumentCache full:https://registry.npmjs.org/micromatch set size:undefined disposed:false
913 http fetch GET 200 https://registry.npmjs.org/@nodelib%2ffs.walk 392ms (cache miss)
914 silly packumentCache full:https://registry.npmjs.org/@nodelib%2ffs.walk set size:undefined disposed:false
915 http fetch GET 200 https://registry.npmjs.org/@nodelib%2ffs.stat 394ms (cache miss)
916 silly packumentCache full:https://registry.npmjs.org/@nodelib%2ffs.stat set size:undefined disposed:false
917 silly placeDep ROOT @eslint/config-array@0.21.2 OK for: eslint@9.39.5 want: ^0.21.2
918 silly placeDep ROOT @eslint/config-helpers@0.4.2 OK for: eslint@9.39.5 want: ^0.4.2
919 silly placeDep ROOT @eslint/core@0.17.0 OK for: eslint@9.39.5 want: ^0.17.0
920 silly placeDep ROOT @eslint/eslintrc@3.3.6 OK for: eslint@9.39.5 want: ^3.3.6
921 silly placeDep ROOT @eslint/js@9.39.5 OK for: eslint@9.39.5 want: 9.39.5
922 silly placeDep ROOT @eslint/plugin-kit@0.4.1 OK for: eslint@9.39.5 want: ^0.4.1
923 silly placeDep ROOT @types/estree@1.0.9 OK for: eslint@9.39.5 want: ^1.0.6
924 silly placeDep ROOT chalk@4.1.2 OK for: eslint@9.39.5 want: ^4.0.0
925 silly placeDep ROOT eslint-scope@8.4.0 OK for: eslint@9.39.5 want: ^8.4.0
926 silly placeDep ROOT eslint-visitor-keys@4.2.1 OK for: eslint@9.39.5 want: ^4.2.1
927 silly placeDep ROOT espree@10.4.0 OK for: eslint@9.39.5 want: ^10.4.0
928 silly placeDep ROOT lodash.merge@4.6.2 OK for: eslint@9.39.5 want: ^4.6.2
929 silly placeDep ROOT minimatch@3.1.5 OK for: eslint@9.39.5 want: ^3.1.5
930 silly fetch manifest @eslint/object-schema@^2.1.7
931 silly packumentCache full:https://registry.npmjs.org/@eslint%2fobject-schema cache-miss
932 silly fetch manifest espree@^10.0.1
933 silly packumentCache full:https://registry.npmjs.org/espree cache-hit
934 silly fetch manifest globals@^14.0.0
935 silly packumentCache full:https://registry.npmjs.org/globals cache-miss
936 silly fetch manifest import-fresh@^3.2.1
937 silly packumentCache full:https://registry.npmjs.org/import-fresh cache-miss
938 silly fetch manifest js-yaml@^4.3.0
939 silly packumentCache full:https://registry.npmjs.org/js-yaml cache-miss
940 silly fetch manifest strip-json-comments@^3.1.1
941 silly packumentCache full:https://registry.npmjs.org/strip-json-comments cache-miss
942 silly fetch manifest ansi-styles@^4.1.0
943 silly packumentCache full:https://registry.npmjs.org/ansi-styles cache-miss
944 silly fetch manifest supports-color@^7.1.0
945 silly packumentCache full:https://registry.npmjs.org/supports-color cache-miss
946 silly fetch manifest acorn@^8.15.0
947 silly packumentCache full:https://registry.npmjs.org/acorn cache-miss
948 silly fetch manifest brace-expansion@^1.1.7
949 silly packumentCache full:https://registry.npmjs.org/brace-expansion cache-miss
950 http cache https://registry.npmjs.org/@eslint%2fobject-schema 73ms (cache hit)
951 silly packumentCache full:https://registry.npmjs.org/@eslint%2fobject-schema set size:38535 disposed:false
952 http cache https://registry.npmjs.org/brace-expansion 71ms (cache hit)
953 silly packumentCache full:https://registry.npmjs.org/brace-expansion set size:101024 disposed:false
954 http cache https://registry.npmjs.org/globals 76ms (cache hit)
955 silly packumentCache full:https://registry.npmjs.org/globals set size:323528 disposed:false
956 http cache https://registry.npmjs.org/acorn 79ms (cache hit)
957 silly packumentCache full:https://registry.npmjs.org/acorn set size:383439 disposed:false
958 http fetch GET 200 https://registry.npmjs.org/import-fresh 576ms (cache miss)
959 silly packumentCache full:https://registry.npmjs.org/import-fresh set size:undefined disposed:false
960 http fetch GET 200 https://registry.npmjs.org/supports-color 575ms (cache miss)
961 silly packumentCache full:https://registry.npmjs.org/supports-color set size:undefined disposed:false
962 http fetch GET 200 https://registry.npmjs.org/strip-json-comments 578ms (cache miss)
963 silly packumentCache full:https://registry.npmjs.org/strip-json-comments set size:undefined disposed:false
964 http fetch GET 200 https://registry.npmjs.org/ansi-styles 579ms (cache miss)
965 silly packumentCache full:https://registry.npmjs.org/ansi-styles set size:undefined disposed:false
966 http fetch GET 200 https://registry.npmjs.org/js-yaml 641ms (cache miss)
967 silly packumentCache full:https://registry.npmjs.org/js-yaml set size:undefined disposed:false
968 silly placeDep ROOT @eslint/object-schema@2.1.7 OK for: @eslint/config-array@0.21.2 want: ^2.1.7
969 silly placeDep ROOT @types/json-schema@7.0.15 OK for: @eslint/core@0.17.0 want: ^7.0.15
970 silly placeDep node_modules/@eslint/eslintrc globals@14.0.0 OK for: @eslint/eslintrc@3.3.6 want: ^14.0.0
971 silly placeDep ROOT import-fresh@3.3.1 OK for: @eslint/eslintrc@3.3.6 want: ^3.2.1
972 silly placeDep ROOT js-yaml@4.3.0 OK for: @eslint/eslintrc@3.3.6 want: ^4.3.0
973 silly placeDep ROOT strip-json-comments@3.1.1 OK for: @eslint/eslintrc@3.3.6 want: ^3.1.1
974 silly fetch manifest resolve-from@^4.0.0
975 silly packumentCache full:https://registry.npmjs.org/resolve-from cache-miss
976 silly fetch manifest parent-module@^1.0.0
977 silly packumentCache full:https://registry.npmjs.org/parent-module cache-miss
978 silly fetch manifest argparse@^2.0.1
979 silly packumentCache full:https://registry.npmjs.org/argparse cache-miss
980 http fetch GET 200 https://registry.npmjs.org/parent-module 255ms (cache miss)
981 silly packumentCache full:https://registry.npmjs.org/parent-module set size:undefined disposed:false
982 http fetch GET 200 https://registry.npmjs.org/resolve-from 317ms (cache miss)
983 silly packumentCache full:https://registry.npmjs.org/resolve-from set size:undefined disposed:false
984 http fetch GET 200 https://registry.npmjs.org/argparse 318ms (cache miss)
985 silly packumentCache full:https://registry.npmjs.org/argparse set size:undefined disposed:false
986 silly placeDep ROOT ansi-styles@4.3.0 OK for: chalk@4.1.2 want: ^4.1.0
987 silly placeDep ROOT supports-color@7.2.0 OK for: chalk@4.1.2 want: ^7.1.0
988 silly fetch manifest color-convert@^2.0.1
989 silly packumentCache full:https://registry.npmjs.org/color-convert cache-miss
990 silly fetch manifest has-flag@^4.0.0
991 silly packumentCache full:https://registry.npmjs.org/has-flag cache-miss
992 http fetch GET 200 https://registry.npmjs.org/has-flag 179ms (cache miss)
993 silly packumentCache full:https://registry.npmjs.org/has-flag set size:undefined disposed:false
994 http fetch GET 200 https://registry.npmjs.org/color-convert 1217ms (cache miss)
995 silly packumentCache full:https://registry.npmjs.org/color-convert set size:undefined disposed:false
996 silly placeDep ROOT color-convert@2.0.1 OK for: ansi-styles@4.3.0 want: ^2.0.1
997 silly fetch manifest color-name@~1.1.4
998 silly packumentCache full:https://registry.npmjs.org/color-name cache-miss
999 http fetch GET 200 https://registry.npmjs.org/color-name 1111ms (cache miss)
1000 silly packumentCache full:https://registry.npmjs.org/color-name set size:undefined disposed:false
1001 silly placeDep ROOT color-name@1.1.4 OK for: color-convert@2.0.1 want: ~1.1.4
1002 silly placeDep node_modules/eslint-import-resolver-node debug@3.2.7 OK for: eslint-import-resolver-node@0.3.10 want: ^3.2.7
1003 silly placeDep ROOT is-core-module@2.16.2 OK for: eslint-import-resolver-node@0.3.10 want: ^2.16.1
1004 silly placeDep ROOT resolve@2.0.0-next.7 OK for: eslint-import-resolver-node@0.3.10 want: ^2.0.0-next.6
1005 silly fetch manifest hasown@^2.0.3
1006 silly packumentCache full:https://registry.npmjs.org/hasown cache-miss
1007 silly fetch manifest es-errors@^1.3.0
1008 silly packumentCache full:https://registry.npmjs.org/es-errors cache-miss
1009 silly fetch manifest node-exports-info@^1.6.0
1010 silly packumentCache full:https://registry.npmjs.org/node-exports-info cache-miss
1011 silly fetch manifest object-keys@^1.1.1
1012 silly packumentCache full:https://registry.npmjs.org/object-keys cache-miss
1013 silly fetch manifest path-parse@^1.0.7
1014 silly packumentCache full:https://registry.npmjs.org/path-parse cache-miss
1015 silly fetch manifest supports-preserve-symlinks-flag@^1.0.0
1016 silly packumentCache full:https://registry.npmjs.org/supports-preserve-symlinks-flag cache-miss
1017 http cache https://registry.npmjs.org/hasown 24ms (cache hit)
1018 silly packumentCache full:https://registry.npmjs.org/hasown set size:18361 disposed:false
1019 http fetch GET 200 https://registry.npmjs.org/es-errors 73ms (cache miss)
1020 silly packumentCache full:https://registry.npmjs.org/es-errors set size:undefined disposed:false
1021 http fetch GET 200 https://registry.npmjs.org/supports-preserve-symlinks-flag 160ms (cache miss)
1022 silly packumentCache full:https://registry.npmjs.org/supports-preserve-symlinks-flag set size:undefined disposed:false
1023 http fetch GET 200 https://registry.npmjs.org/path-parse 162ms (cache miss)
1024 silly packumentCache full:https://registry.npmjs.org/path-parse set size:undefined disposed:false
1025 http fetch GET 200 https://registry.npmjs.org/object-keys 168ms (cache miss)
1026 silly packumentCache full:https://registry.npmjs.org/object-keys set size:undefined disposed:false
1027 http fetch GET 200 https://registry.npmjs.org/node-exports-info 170ms (cache miss)
1028 silly packumentCache full:https://registry.npmjs.org/node-exports-info set size:undefined disposed:false
1029 silly placeDep ROOT @nolyfill/is-core-module@1.0.39 OK for: eslint-import-resolver-typescript@3.10.1 want: 1.0.39
1030 silly placeDep ROOT get-tsconfig@4.14.0 OK for: eslint-import-resolver-typescript@3.10.1 want: ^4.10.0
1031 silly placeDep ROOT is-bun-module@2.0.0 OK for: eslint-import-resolver-typescript@3.10.1 want: ^2.0.0
1032 silly placeDep ROOT stable-hash@0.0.5 OK for: eslint-import-resolver-typescript@3.10.1 want: ^0.0.5
1033 silly placeDep ROOT tinyglobby@0.2.17 OK for: eslint-import-resolver-typescript@3.10.1 want: ^0.2.13
1034 silly placeDep ROOT unrs-resolver@1.12.2 OK for: eslint-import-resolver-typescript@3.10.1 want: ^1.6.2
1035 silly fetch manifest resolve-pkg-maps@^1.0.0
1036 silly packumentCache full:https://registry.npmjs.org/resolve-pkg-maps cache-miss
1037 silly fetch manifest semver@^7.7.1
1038 silly packumentCache full:https://registry.npmjs.org/semver cache-miss
1039 silly fetch manifest fdir@^6.5.0
1040 silly packumentCache full:https://registry.npmjs.org/fdir cache-miss
1041 silly fetch manifest picomatch@^4.0.4
1042 silly packumentCache full:https://registry.npmjs.org/picomatch cache-miss
1043 silly fetch manifest napi-postinstall@^0.3.4
1044 silly packumentCache full:https://registry.npmjs.org/napi-postinstall cache-miss
1045 silly fetch manifest @unrs/resolver-binding-darwin-arm64@1.12.2
1046 silly packumentCache full:https://registry.npmjs.org/@unrs%2fresolver-binding-darwin-arm64 cache-miss
1047 silly fetch manifest @unrs/resolver-binding-android-arm64@1.12.2
1048 silly packumentCache full:https://registry.npmjs.org/@unrs%2fresolver-binding-android-arm64 cache-miss
1049 silly fetch manifest @unrs/resolver-binding-win32-arm64-msvc@1.12.2
1050 silly packumentCache full:https://registry.npmjs.org/@unrs%2fresolver-binding-win32-arm64-msvc cache-miss
1051 silly fetch manifest @unrs/resolver-binding-linux-arm64-gnu@1.12.2
1052 silly packumentCache full:https://registry.npmjs.org/@unrs%2fresolver-binding-linux-arm64-gnu cache-miss
1053 silly fetch manifest @unrs/resolver-binding-linux-arm64-musl@1.12.2
1054 silly packumentCache full:https://registry.npmjs.org/@unrs%2fresolver-binding-linux-arm64-musl cache-miss
1055 silly fetch manifest @unrs/resolver-binding-openharmony-arm64@1.12.2
1056 silly packumentCache full:https://registry.npmjs.org/@unrs%2fresolver-binding-openharmony-arm64 cache-miss
1057 http cache https://registry.npmjs.org/semver 13ms (cache hit)
1058 silly packumentCache full:https://registry.npmjs.org/semver set size:246069 disposed:false
1059 silly fetch manifest @unrs/resolver-binding-android-arm-eabi@1.12.2
1060 silly packumentCache full:https://registry.npmjs.org/@unrs%2fresolver-binding-android-arm-eabi cache-miss
1061 http fetch GET 200 https://registry.npmjs.org/@unrs%2fresolver-binding-linux-arm64-musl 92ms (cache miss)
1062 silly packumentCache full:https://registry.npmjs.org/@unrs%2fresolver-binding-linux-arm64-musl set size:undefined disposed:false
1063 silly fetch manifest @unrs/resolver-binding-linux-arm-gnueabihf@1.12.2
1064 silly packumentCache full:https://registry.npmjs.org/@unrs%2fresolver-binding-linux-arm-gnueabihf cache-miss
1065 http fetch GET 200 https://registry.npmjs.org/fdir 96ms (cache miss)
1066 silly packumentCache full:https://registry.npmjs.org/fdir set size:undefined disposed:false
1067 silly fetch manifest @unrs/resolver-binding-linux-arm-musleabihf@1.12.2
1068 silly packumentCache full:https://registry.npmjs.org/@unrs%2fresolver-binding-linux-arm-musleabihf cache-miss
1069 http fetch GET 200 https://registry.npmjs.org/@unrs%2fresolver-binding-darwin-arm64 99ms (cache miss)
1070 silly packumentCache full:https://registry.npmjs.org/@unrs%2fresolver-binding-darwin-arm64 set size:undefined disposed:false
1071 silly fetch manifest @unrs/resolver-binding-win32-ia32-msvc@1.12.2
1072 silly packumentCache full:https://registry.npmjs.org/@unrs%2fresolver-binding-win32-ia32-msvc cache-miss
1073 http fetch GET 200 https://registry.npmjs.org/@unrs%2fresolver-binding-openharmony-arm64 101ms (cache miss)
1074 silly packumentCache full:https://registry.npmjs.org/@unrs%2fresolver-binding-openharmony-arm64 set size:undefined disposed:false
1075 silly fetch manifest @unrs/resolver-binding-linux-loong64-gnu@1.12.2
1076 silly packumentCache full:https://registry.npmjs.org/@unrs%2fresolver-binding-linux-loong64-gnu cache-miss
1077 http fetch GET 200 https://registry.npmjs.org/@unrs%2fresolver-binding-android-arm64 103ms (cache miss)
1078 silly packumentCache full:https://registry.npmjs.org/@unrs%2fresolver-binding-android-arm64 set size:undefined disposed:false
1079 silly fetch manifest @unrs/resolver-binding-linux-loong64-musl@1.12.2
1080 silly packumentCache full:https://registry.npmjs.org/@unrs%2fresolver-binding-linux-loong64-musl cache-miss
1081 http fetch GET 200 https://registry.npmjs.org/picomatch 106ms (cache miss)
1082 silly packumentCache full:https://registry.npmjs.org/picomatch set size:undefined disposed:false
1083 silly fetch manifest @unrs/resolver-binding-linux-ppc64-gnu@1.12.2
1084 silly packumentCache full:https://registry.npmjs.org/@unrs%2fresolver-binding-linux-ppc64-gnu cache-miss
1085 http fetch GET 200 https://registry.npmjs.org/@unrs%2fresolver-binding-win32-arm64-msvc 108ms (cache miss)
1086 silly packumentCache full:https://registry.npmjs.org/@unrs%2fresolver-binding-win32-arm64-msvc set size:undefined disposed:false
1087 silly fetch manifest @unrs/resolver-binding-linux-riscv64-gnu@1.12.2
1088 silly packumentCache full:https://registry.npmjs.org/@unrs%2fresolver-binding-linux-riscv64-gnu cache-miss
1089 http fetch GET 200 https://registry.npmjs.org/@unrs%2fresolver-binding-linux-arm-musleabihf 69ms (cache miss)
1090 silly packumentCache full:https://registry.npmjs.org/@unrs%2fresolver-binding-linux-arm-musleabihf set size:undefined disposed:false
1091 silly fetch manifest @unrs/resolver-binding-linux-riscv64-musl@1.12.2
1092 silly packumentCache full:https://registry.npmjs.org/@unrs%2fresolver-binding-linux-riscv64-musl cache-miss
1093 http fetch GET 200 https://registry.npmjs.org/@unrs%2fresolver-binding-linux-ppc64-gnu 70ms (cache miss)
1094 silly packumentCache full:https://registry.npmjs.org/@unrs%2fresolver-binding-linux-ppc64-gnu set size:undefined disposed:false
1095 silly fetch manifest @unrs/resolver-binding-linux-s390x-gnu@1.12.2
1096 silly packumentCache full:https://registry.npmjs.org/@unrs%2fresolver-binding-linux-s390x-gnu cache-miss
1097 http fetch GET 200 https://registry.npmjs.org/@unrs%2fresolver-binding-linux-loong64-gnu 78ms (cache miss)
1098 silly packumentCache full:https://registry.npmjs.org/@unrs%2fresolver-binding-linux-loong64-gnu set size:undefined disposed:false
1099 silly fetch manifest @unrs/resolver-binding-wasm32-wasi@1.12.2
1100 silly packumentCache full:https://registry.npmjs.org/@unrs%2fresolver-binding-wasm32-wasi cache-miss
1101 http fetch GET 200 https://registry.npmjs.org/@unrs%2fresolver-binding-linux-riscv64-gnu 75ms (cache miss)
1102 silly packumentCache full:https://registry.npmjs.org/@unrs%2fresolver-binding-linux-riscv64-gnu set size:undefined disposed:false
1103 silly fetch manifest @unrs/resolver-binding-darwin-x64@1.12.2
1104 silly packumentCache full:https://registry.npmjs.org/@unrs%2fresolver-binding-darwin-x64 cache-miss
1105 http fetch GET 200 https://registry.npmjs.org/resolve-pkg-maps 235ms (cache miss)
1106 silly packumentCache full:https://registry.npmjs.org/resolve-pkg-maps set size:undefined disposed:false
1107 silly fetch manifest @unrs/resolver-binding-win32-x64-msvc@1.12.2
1108 silly packumentCache full:https://registry.npmjs.org/@unrs%2fresolver-binding-win32-x64-msvc cache-miss
1109 http fetch GET 200 https://registry.npmjs.org/napi-postinstall 237ms (cache miss)
1110 silly packumentCache full:https://registry.npmjs.org/napi-postinstall set size:undefined disposed:false
1111 silly fetch manifest @unrs/resolver-binding-freebsd-x64@1.12.2
1112 silly packumentCache full:https://registry.npmjs.org/@unrs%2fresolver-binding-freebsd-x64 cache-miss
1113 http fetch GET 200 https://registry.npmjs.org/@unrs%2fresolver-binding-android-arm-eabi 229ms (cache miss)
1114 silly packumentCache full:https://registry.npmjs.org/@unrs%2fresolver-binding-android-arm-eabi set size:undefined disposed:false
1115 silly fetch manifest @unrs/resolver-binding-linux-x64-gnu@1.12.2
1116 silly packumentCache full:https://registry.npmjs.org/@unrs%2fresolver-binding-linux-x64-gnu cache-miss
1117 http fetch GET 200 https://registry.npmjs.org/@unrs%2fresolver-binding-linux-s390x-gnu 73ms (cache miss)
1118 silly packumentCache full:https://registry.npmjs.org/@unrs%2fresolver-binding-linux-s390x-gnu set size:undefined disposed:false
1119 silly fetch manifest @unrs/resolver-binding-linux-x64-musl@1.12.2
1120 silly packumentCache full:https://registry.npmjs.org/@unrs%2fresolver-binding-linux-x64-musl cache-miss
1121 http fetch GET 200 https://registry.npmjs.org/@unrs%2fresolver-binding-linux-arm64-gnu 263ms (cache miss)
1122 silly packumentCache full:https://registry.npmjs.org/@unrs%2fresolver-binding-linux-arm64-gnu set size:undefined disposed:false
1123 http fetch GET 200 https://registry.npmjs.org/@unrs%2fresolver-binding-wasm32-wasi 92ms (cache miss)
1124 silly packumentCache full:https://registry.npmjs.org/@unrs%2fresolver-binding-wasm32-wasi set size:undefined disposed:false
1125 http fetch GET 200 https://registry.npmjs.org/@unrs%2fresolver-binding-darwin-x64 90ms (cache miss)
1126 silly packumentCache full:https://registry.npmjs.org/@unrs%2fresolver-binding-darwin-x64 set size:undefined disposed:false
1127 http fetch GET 200 https://registry.npmjs.org/@unrs%2fresolver-binding-linux-arm-gnueabihf 226ms (cache miss)
1128 silly packumentCache full:https://registry.npmjs.org/@unrs%2fresolver-binding-linux-arm-gnueabihf set size:undefined disposed:false
1129 http fetch GET 200 https://registry.npmjs.org/@unrs%2fresolver-binding-linux-x64-musl 70ms (cache miss)
1130 silly packumentCache full:https://registry.npmjs.org/@unrs%2fresolver-binding-linux-x64-musl set size:undefined disposed:false
1131 http fetch GET 200 https://registry.npmjs.org/@unrs%2fresolver-binding-win32-ia32-msvc 258ms (cache miss)
1132 silly packumentCache full:https://registry.npmjs.org/@unrs%2fresolver-binding-win32-ia32-msvc set size:undefined disposed:false
1133 http fetch GET 200 https://registry.npmjs.org/@unrs%2fresolver-binding-linux-loong64-musl 262ms (cache miss)
1134 silly packumentCache full:https://registry.npmjs.org/@unrs%2fresolver-binding-linux-loong64-musl set size:undefined disposed:false
1135 http fetch GET 200 https://registry.npmjs.org/@unrs%2fresolver-binding-linux-riscv64-musl 249ms (cache miss)
1136 silly packumentCache full:https://registry.npmjs.org/@unrs%2fresolver-binding-linux-riscv64-musl set size:undefined disposed:false
1137 http fetch GET 200 https://registry.npmjs.org/@unrs%2fresolver-binding-win32-x64-msvc 240ms (cache miss)
1138 silly packumentCache full:https://registry.npmjs.org/@unrs%2fresolver-binding-win32-x64-msvc set size:undefined disposed:false
1139 http fetch GET 200 https://registry.npmjs.org/@unrs%2fresolver-binding-freebsd-x64 240ms (cache miss)
1140 silly packumentCache full:https://registry.npmjs.org/@unrs%2fresolver-binding-freebsd-x64 set size:undefined disposed:false
1141 http fetch GET 200 https://registry.npmjs.org/@unrs%2fresolver-binding-linux-x64-gnu 287ms (cache miss)
1142 silly packumentCache full:https://registry.npmjs.org/@unrs%2fresolver-binding-linux-x64-gnu set size:undefined disposed:false
1143 silly placeDep ROOT @rtsao/scc@1.1.0 OK for: eslint-plugin-import@2.32.0 want: ^1.1.0
1144 silly placeDep ROOT array-includes@3.1.9 OK for: eslint-plugin-import@2.32.0 want: ^3.1.9
1145 silly placeDep ROOT array.prototype.findlastindex@1.2.6 OK for: eslint-plugin-import@2.32.0 want: ^1.2.6
1146 silly placeDep ROOT array.prototype.flat@1.3.3 OK for: eslint-plugin-import@2.32.0 want: ^1.3.3
1147 silly placeDep ROOT array.prototype.flatmap@1.3.3 OK for: eslint-plugin-import@2.32.0 want: ^1.3.3
1148 silly placeDep node_modules/eslint-plugin-import debug@3.2.7 OK for: eslint-plugin-import@2.32.0 want: ^3.2.7
1149 silly placeDep ROOT doctrine@2.1.0 OK for: eslint-plugin-import@2.32.0 want: ^2.1.0
1150 silly placeDep ROOT eslint-module-utils@2.14.0 OK for: eslint-plugin-import@2.32.0 want: ^2.12.1
1151 silly placeDep ROOT hasown@2.0.4 OK for: eslint-plugin-import@2.32.0 want: ^2.0.2
1152 silly placeDep ROOT object.fromentries@2.0.8 OK for: eslint-plugin-import@2.32.0 want: ^2.0.8
1153 silly placeDep ROOT object.groupby@1.0.3 OK for: eslint-plugin-import@2.32.0 want: ^1.0.3
1154 silly placeDep ROOT object.values@1.2.1 OK for: eslint-plugin-import@2.32.0 want: ^1.2.1
1155 silly placeDep ROOT semver@6.3.1 OK for: eslint-plugin-import@2.32.0 want: ^6.3.1
1156 silly placeDep ROOT string.prototype.trimend@1.0.10 OK for: eslint-plugin-import@2.32.0 want: ^1.0.9
1157 silly placeDep ROOT tsconfig-paths@3.15.0 OK for: eslint-plugin-import@2.32.0 want: ^3.15.0
1158 silly fetch manifest call-bind@^1.0.8
1159 silly packumentCache full:https://registry.npmjs.org/call-bind cache-miss
1160 silly fetch manifest call-bound@^1.0.4
1161 silly packumentCache full:https://registry.npmjs.org/call-bound cache-miss
1162 silly fetch manifest define-properties@^1.2.1
1163 silly packumentCache full:https://registry.npmjs.org/define-properties cache-miss
1164 silly fetch manifest es-abstract@^1.24.0
1165 silly packumentCache full:https://registry.npmjs.org/es-abstract cache-miss
1166 silly fetch manifest es-object-atoms@^1.1.1
1167 silly packumentCache full:https://registry.npmjs.org/es-object-atoms cache-miss
1168 silly fetch manifest get-intrinsic@^1.3.0
1169 silly packumentCache full:https://registry.npmjs.org/get-intrinsic cache-miss
1170 silly fetch manifest is-string@^1.1.1
1171 silly packumentCache full:https://registry.npmjs.org/is-string cache-miss
1172 silly fetch manifest math-intrinsics@^1.1.0
1173 silly packumentCache full:https://registry.npmjs.org/math-intrinsics cache-miss
1174 silly fetch manifest call-bind@^1.0.8
1175 silly packumentCache full:https://registry.npmjs.org/call-bind cache-miss
1176 silly fetch manifest call-bound@^1.0.4
1177 silly packumentCache full:https://registry.npmjs.org/call-bound cache-miss
1178 silly fetch manifest define-properties@^1.2.1
1179 silly packumentCache full:https://registry.npmjs.org/define-properties cache-miss
1180 http fetch GET 200 https://registry.npmjs.org/call-bound 54ms (cache miss)
1181 silly packumentCache full:https://registry.npmjs.org/call-bound set size:undefined disposed:false
1182 silly fetch manifest es-abstract@^1.23.9
1183 silly packumentCache full:https://registry.npmjs.org/es-abstract cache-miss
1184 http fetch GET 200 https://registry.npmjs.org/call-bound 85ms (cache miss)
1185 silly packumentCache full:https://registry.npmjs.org/call-bound set size:undefined disposed:false
1186 silly fetch manifest es-object-atoms@^1.1.1
1187 silly packumentCache full:https://registry.npmjs.org/es-object-atoms cache-miss
1188 http fetch GET 200 https://registry.npmjs.org/get-intrinsic 89ms (cache miss)
1189 silly packumentCache full:https://registry.npmjs.org/get-intrinsic set size:undefined disposed:false
1190 silly fetch manifest es-shim-unscopables@^1.1.0
1191 silly packumentCache full:https://registry.npmjs.org/es-shim-unscopables cache-miss
1192 http fetch GET 200 https://registry.npmjs.org/call-bind 90ms (cache miss)
1193 silly packumentCache full:https://registry.npmjs.org/call-bind set size:undefined disposed:false
1194 silly fetch manifest define-properties@^1.2.1
1195 silly packumentCache full:https://registry.npmjs.org/define-properties cache-miss
1196 http fetch GET 200 https://registry.npmjs.org/call-bind 94ms (cache miss)
1197 silly packumentCache full:https://registry.npmjs.org/call-bind set size:undefined disposed:false
1198 silly fetch manifest es-abstract@^1.23.5
1199 silly packumentCache full:https://registry.npmjs.org/es-abstract cache-miss
1200 http fetch GET 200 https://registry.npmjs.org/define-properties 94ms (cache miss)
1201 silly packumentCache full:https://registry.npmjs.org/define-properties set size:undefined disposed:false
1202 silly fetch manifest es-shim-unscopables@^1.0.2
1203 silly packumentCache full:https://registry.npmjs.org/es-shim-unscopables cache-miss
1204 http fetch GET 200 https://registry.npmjs.org/math-intrinsics 95ms (cache miss)
1205 silly packumentCache full:https://registry.npmjs.org/math-intrinsics set size:undefined disposed:false
1206 silly fetch manifest es-abstract@^1.23.5
1207 silly packumentCache full:https://registry.npmjs.org/es-abstract cache-miss
1208 http fetch GET 200 https://registry.npmjs.org/es-object-atoms 98ms (cache miss)
1209 silly packumentCache full:https://registry.npmjs.org/es-object-atoms set size:undefined disposed:false
1210 silly fetch manifest es-shim-unscopables@^1.0.2
1211 silly packumentCache full:https://registry.npmjs.org/es-shim-unscopables cache-miss
1212 http fetch GET 200 https://registry.npmjs.org/define-properties 99ms (cache miss)
1213 silly packumentCache full:https://registry.npmjs.org/define-properties set size:undefined disposed:false
1214 silly fetch manifest function-bind@^1.1.2
1215 silly packumentCache full:https://registry.npmjs.org/function-bind cache-miss
1216 http cache https://registry.npmjs.org/define-properties 10ms (cache hit)
1217 silly packumentCache full:https://registry.npmjs.org/define-properties set size:31491 disposed:false
1218 silly fetch manifest call-bind@^1.0.7
1219 silly packumentCache full:https://registry.npmjs.org/call-bind cache-miss
1220 http cache https://registry.npmjs.org/call-bind 3ms (cache hit)
1221 silly packumentCache full:https://registry.npmjs.org/call-bind set size:32985 disposed:false
1222 silly fetch manifest es-abstract@^1.23.2
1223 silly packumentCache full:https://registry.npmjs.org/es-abstract cache-miss
1224 http fetch GET 200 https://registry.npmjs.org/es-object-atoms 53ms (cache miss)
1225 silly packumentCache full:https://registry.npmjs.org/es-object-atoms set size:undefined disposed:false
1226 silly fetch manifest es-object-atoms@^1.0.0
1227 silly packumentCache full:https://registry.npmjs.org/es-object-atoms cache-miss
1228 http fetch GET 200 https://registry.npmjs.org/es-shim-unscopables 54ms (cache miss)
1229 silly packumentCache full:https://registry.npmjs.org/es-shim-unscopables set size:undefined disposed:false
1230 silly fetch manifest es-abstract@^1.23.2
1231 silly packumentCache full:https://registry.npmjs.org/es-abstract cache-miss
1232 http cache https://registry.npmjs.org/es-object-atoms 7ms (cache hit)
1233 silly packumentCache full:https://registry.npmjs.org/es-object-atoms set size:18278 disposed:false
1234 silly fetch manifest call-bound@^1.0.3
1235 silly packumentCache full:https://registry.npmjs.org/call-bound cache-miss
1236 http fetch GET 200 https://registry.npmjs.org/es-shim-unscopables 54ms (cache miss)
1237 silly packumentCache full:https://registry.npmjs.org/es-shim-unscopables set size:undefined disposed:false
1238 silly fetch manifest call-bind@^1.0.9
1239 silly packumentCache full:https://registry.npmjs.org/call-bind cache-hit
1240 silly fetch manifest es-object-atoms@^1.1.2
1241 silly packumentCache full:https://registry.npmjs.org/es-object-atoms cache-hit
1242 silly fetch manifest json5@^1.0.2
1243 silly packumentCache full:https://registry.npmjs.org/json5 cache-miss
1244 http fetch GET 200 https://registry.npmjs.org/es-shim-unscopables 59ms (cache miss)
1245 silly packumentCache full:https://registry.npmjs.org/es-shim-unscopables set size:undefined disposed:false
1246 silly fetch manifest minimist@^1.2.6
1247 silly packumentCache full:https://registry.npmjs.org/minimist cache-miss
1248 http fetch GET 200 https://registry.npmjs.org/function-bind 57ms (cache miss)
1249 silly packumentCache full:https://registry.npmjs.org/function-bind set size:undefined disposed:false
1250 silly fetch manifest strip-bom@^3.0.0
1251 silly packumentCache full:https://registry.npmjs.org/strip-bom cache-miss
1252 http cache https://registry.npmjs.org/call-bound 10ms (cache hit)
1253 silly packumentCache full:https://registry.npmjs.org/call-bound set size:15317 disposed:false
1254 silly fetch manifest @types/json5@^0.0.29
1255 silly packumentCache full:https://registry.npmjs.org/@types%2fjson5 cache-miss
1256 http fetch GET 200 https://registry.npmjs.org/strip-bom 64ms (cache miss)
1257 silly packumentCache full:https://registry.npmjs.org/strip-bom set size:undefined disposed:false
1258 http fetch GET 200 https://registry.npmjs.org/is-string 232ms (cache miss)
1259 silly packumentCache full:https://registry.npmjs.org/is-string set size:undefined disposed:false
1260 http fetch GET 200 https://registry.npmjs.org/minimist 79ms (cache miss)
1261 silly packumentCache full:https://registry.npmjs.org/minimist set size:undefined disposed:false
1262 http fetch GET 200 https://registry.npmjs.org/json5 81ms (cache miss)
1263 silly packumentCache full:https://registry.npmjs.org/json5 set size:undefined disposed:false
1264 http fetch GET 200 https://registry.npmjs.org/es-abstract 266ms (cache miss)
1265 silly packumentCache full:https://registry.npmjs.org/es-abstract set size:undefined disposed:false
1266 http fetch GET 200 https://registry.npmjs.org/es-abstract 334ms (cache miss)
1267 silly packumentCache full:https://registry.npmjs.org/es-abstract set size:undefined disposed:false
1268 http fetch GET 200 https://registry.npmjs.org/es-abstract 191ms (cache miss)
1269 silly packumentCache full:https://registry.npmjs.org/es-abstract set size:undefined disposed:false
1270 http fetch GET 200 https://registry.npmjs.org/es-abstract 242ms (cache miss)
1271 silly packumentCache full:https://registry.npmjs.org/es-abstract set size:undefined disposed:false
1272 http fetch GET 200 https://registry.npmjs.org/es-abstract 271ms (cache miss)
1273 silly packumentCache full:https://registry.npmjs.org/es-abstract set size:undefined disposed:false
1274 http fetch GET 200 https://registry.npmjs.org/@types%2fjson5 213ms (cache miss)
1275 silly packumentCache full:https://registry.npmjs.org/@types%2fjson5 set size:undefined disposed:false
1276 http fetch GET 200 https://registry.npmjs.org/es-abstract 280ms (cache miss)
1277 silly packumentCache full:https://registry.npmjs.org/es-abstract set size:undefined disposed:false
1278 silly placeDep ROOT call-bind@1.0.9 OK for: array-includes@3.1.9 want: ^1.0.8
1279 silly placeDep ROOT call-bound@1.0.4 OK for: array-includes@3.1.9 want: ^1.0.4
1280 silly placeDep ROOT define-properties@1.2.1 OK for: array-includes@3.1.9 want: ^1.2.1
1281 silly placeDep ROOT es-abstract@1.24.2 OK for: array-includes@3.1.9 want: ^1.24.0
1282 silly placeDep ROOT es-object-atoms@1.1.2 OK for: array-includes@3.1.9 want: ^1.1.1
1283 silly placeDep ROOT get-intrinsic@1.3.0 OK for: array-includes@3.1.9 want: ^1.3.0
1284 silly placeDep ROOT is-string@1.1.1 OK for: array-includes@3.1.9 want: ^1.1.1
1285 silly placeDep ROOT math-intrinsics@1.1.0 OK for: array-includes@3.1.9 want: ^1.1.0
1286 silly fetch manifest call-bind-apply-helpers@^1.0.2
1287 silly packumentCache full:https://registry.npmjs.org/call-bind-apply-helpers cache-miss
1288 silly fetch manifest es-define-property@^1.0.1
1289 silly packumentCache full:https://registry.npmjs.org/es-define-property cache-miss
1290 silly fetch manifest set-function-length@^1.2.2
1291 silly packumentCache full:https://registry.npmjs.org/set-function-length cache-miss
1292 silly fetch manifest call-bind-apply-helpers@^1.0.2
1293 silly packumentCache full:https://registry.npmjs.org/call-bind-apply-helpers cache-miss
1294 silly fetch manifest define-data-property@^1.0.1
1295 silly packumentCache full:https://registry.npmjs.org/define-data-property cache-miss
1296 silly fetch manifest has-property-descriptors@^1.0.0
1297 silly packumentCache full:https://registry.npmjs.org/has-property-descriptors cache-miss
1298 silly fetch manifest array-buffer-byte-length@^1.0.2
1299 silly packumentCache full:https://registry.npmjs.org/array-buffer-byte-length cache-miss
1300 silly fetch manifest arraybuffer.prototype.slice@^1.0.4
1301 silly packumentCache full:https://registry.npmjs.org/arraybuffer.prototype.slice cache-miss
1302 silly fetch manifest available-typed-arrays@^1.0.7
1303 silly packumentCache full:https://registry.npmjs.org/available-typed-arrays cache-miss
1304 silly fetch manifest data-view-buffer@^1.0.2
1305 silly packumentCache full:https://registry.npmjs.org/data-view-buffer cache-miss
1306 silly fetch manifest data-view-byte-length@^1.0.2
1307 silly packumentCache full:https://registry.npmjs.org/data-view-byte-length cache-miss
1308 http fetch GET 200 https://registry.npmjs.org/set-function-length 35ms (cache miss)
1309 silly packumentCache full:https://registry.npmjs.org/set-function-length set size:undefined disposed:false
1310 silly fetch manifest data-view-byte-offset@^1.0.1
1311 silly packumentCache full:https://registry.npmjs.org/data-view-byte-offset cache-miss
1312 http fetch GET 200 https://registry.npmjs.org/has-property-descriptors 51ms (cache miss)
1313 silly packumentCache full:https://registry.npmjs.org/has-property-descriptors set size:undefined disposed:false
1314 silly fetch manifest es-define-property@^1.0.1
1315 silly packumentCache full:https://registry.npmjs.org/es-define-property cache-miss
1316 http fetch GET 200 https://registry.npmjs.org/call-bind-apply-helpers 64ms (cache miss)
1317 silly packumentCache full:https://registry.npmjs.org/call-bind-apply-helpers set size:undefined disposed:false
1318 silly fetch manifest es-set-tostringtag@^2.1.0
1319 silly packumentCache full:https://registry.npmjs.org/es-set-tostringtag cache-miss
1320 http fetch GET 200 https://registry.npmjs.org/call-bind-apply-helpers 67ms (cache miss)
1321 silly packumentCache full:https://registry.npmjs.org/call-bind-apply-helpers set size:undefined disposed:false
1322 silly fetch manifest es-to-primitive@^1.3.0
1323 silly packumentCache full:https://registry.npmjs.org/es-to-primitive cache-miss
1324 http fetch GET 200 https://registry.npmjs.org/define-data-property 67ms (cache miss)
1325 silly packumentCache full:https://registry.npmjs.org/define-data-property set size:undefined disposed:false
1326 silly fetch manifest function.prototype.name@^1.1.8
1327 silly packumentCache full:https://registry.npmjs.org/function.prototype.name cache-miss
1328 http fetch GET 200 https://registry.npmjs.org/data-view-byte-length 67ms (cache miss)
1329 silly packumentCache full:https://registry.npmjs.org/data-view-byte-length set size:undefined disposed:false
1330 silly fetch manifest get-proto@^1.0.1
1331 silly packumentCache full:https://registry.npmjs.org/get-proto cache-miss
1332 http fetch GET 200 https://registry.npmjs.org/es-define-property 72ms (cache miss)
1333 silly packumentCache full:https://registry.npmjs.org/es-define-property set size:undefined disposed:false
1334 silly fetch manifest get-symbol-description@^1.1.0
1335 silly packumentCache full:https://registry.npmjs.org/get-symbol-description cache-miss
1336 http fetch GET 200 https://registry.npmjs.org/array-buffer-byte-length 72ms (cache miss)
1337 silly packumentCache full:https://registry.npmjs.org/array-buffer-byte-length set size:undefined disposed:false
1338 silly fetch manifest globalthis@^1.0.4
1339 silly packumentCache full:https://registry.npmjs.org/globalthis cache-miss
1340 http fetch GET 200 https://registry.npmjs.org/arraybuffer.prototype.slice 74ms (cache miss)
1341 silly packumentCache full:https://registry.npmjs.org/arraybuffer.prototype.slice set size:undefined disposed:false
1342 silly fetch manifest gopd@^1.2.0
1343 silly packumentCache full:https://registry.npmjs.org/gopd cache-miss
1344 http fetch GET 200 https://registry.npmjs.org/available-typed-arrays 75ms (cache miss)
1345 silly packumentCache full:https://registry.npmjs.org/available-typed-arrays set size:undefined disposed:false
1346 silly fetch manifest has-property-descriptors@^1.0.2
1347 silly packumentCache full:https://registry.npmjs.org/has-property-descriptors cache-miss
1348 http cache https://registry.npmjs.org/has-property-descriptors 4ms (cache hit)
1349 silly packumentCache full:https://registry.npmjs.org/has-property-descriptors set size:12452 disposed:false
1350 silly fetch manifest has-proto@^1.2.0
1351 silly packumentCache full:https://registry.npmjs.org/has-proto cache-miss
1352 http fetch GET 200 https://registry.npmjs.org/es-define-property 52ms (cache miss)
1353 silly packumentCache full:https://registry.npmjs.org/es-define-property set size:undefined disposed:false
1354 silly fetch manifest has-symbols@^1.1.0
1355 silly packumentCache full:https://registry.npmjs.org/has-symbols cache-miss
1356 http fetch GET 200 https://registry.npmjs.org/es-set-tostringtag 52ms (cache miss)
1357 silly packumentCache full:https://registry.npmjs.org/es-set-tostringtag set size:undefined disposed:false
1358 silly fetch manifest internal-slot@^1.1.0
1359 silly packumentCache full:https://registry.npmjs.org/internal-slot cache-miss
1360 http fetch GET 200 https://registry.npmjs.org/es-to-primitive 64ms (cache miss)
1361 silly packumentCache full:https://registry.npmjs.org/es-to-primitive set size:undefined disposed:false
1362 silly fetch manifest is-array-buffer@^3.0.5
1363 silly packumentCache full:https://registry.npmjs.org/is-array-buffer cache-miss
1364 http fetch GET 200 https://registry.npmjs.org/get-proto 105ms (cache miss)
1365 silly packumentCache full:https://registry.npmjs.org/get-proto set size:undefined disposed:false
1366 silly fetch manifest is-callable@^1.2.7
1367 silly packumentCache full:https://registry.npmjs.org/is-callable cache-miss
1368 http fetch GET 200 https://registry.npmjs.org/globalthis 116ms (cache miss)
1369 silly packumentCache full:https://registry.npmjs.org/globalthis set size:undefined disposed:false
1370 silly fetch manifest is-data-view@^1.0.2
1371 silly packumentCache full:https://registry.npmjs.org/is-data-view cache-miss
1372 http fetch GET 200 https://registry.npmjs.org/get-symbol-description 121ms (cache miss)
1373 silly packumentCache full:https://registry.npmjs.org/get-symbol-description set size:undefined disposed:false
1374 silly fetch manifest is-negative-zero@^2.0.3
1375 silly packumentCache full:https://registry.npmjs.org/is-negative-zero cache-miss
1376 http fetch GET 200 https://registry.npmjs.org/gopd 128ms (cache miss)
1377 silly packumentCache full:https://registry.npmjs.org/gopd set size:undefined disposed:false
1378 silly fetch manifest is-regex@^1.2.1
1379 silly packumentCache full:https://registry.npmjs.org/is-regex cache-miss
1380 http fetch GET 200 https://registry.npmjs.org/has-symbols 99ms (cache miss)
1381 silly packumentCache full:https://registry.npmjs.org/has-symbols set size:undefined disposed:false
1382 silly fetch manifest is-set@^2.0.3
1383 silly packumentCache full:https://registry.npmjs.org/is-set cache-miss
1384 http fetch GET 200 https://registry.npmjs.org/has-proto 125ms (cache miss)
1385 silly packumentCache full:https://registry.npmjs.org/has-proto set size:undefined disposed:false
1386 silly fetch manifest is-shared-array-buffer@^1.0.4
1387 silly packumentCache full:https://registry.npmjs.org/is-shared-array-buffer cache-miss
1388 http fetch GET 200 https://registry.npmjs.org/internal-slot 91ms (cache miss)
1389 silly packumentCache full:https://registry.npmjs.org/internal-slot set size:undefined disposed:false
1390 silly fetch manifest is-typed-array@^1.1.15
1391 silly packumentCache full:https://registry.npmjs.org/is-typed-array cache-miss
1392 http fetch GET 200 https://registry.npmjs.org/data-view-buffer 221ms (cache miss)
1393 silly packumentCache full:https://registry.npmjs.org/data-view-buffer set size:undefined disposed:false
1394 silly fetch manifest is-weakref@^1.1.1
1395 silly packumentCache full:https://registry.npmjs.org/is-weakref cache-miss
1396 http fetch GET 200 https://registry.npmjs.org/data-view-byte-offset 199ms (cache miss)
1397 silly packumentCache full:https://registry.npmjs.org/data-view-byte-offset set size:undefined disposed:false
1398 silly fetch manifest object-inspect@^1.13.4
1399 silly packumentCache full:https://registry.npmjs.org/object-inspect cache-miss
1400 http fetch GET 200 https://registry.npmjs.org/is-callable 69ms (cache miss)
1401 silly packumentCache full:https://registry.npmjs.org/is-callable set size:undefined disposed:false
1402 silly fetch manifest object.assign@^4.1.7
1403 silly packumentCache full:https://registry.npmjs.org/object.assign cache-miss
1404 http fetch GET 200 https://registry.npmjs.org/is-negative-zero 56ms (cache miss)
1405 silly packumentCache full:https://registry.npmjs.org/is-negative-zero set size:undefined disposed:false
1406 silly fetch manifest own-keys@^1.0.1
1407 silly packumentCache full:https://registry.npmjs.org/own-keys cache-miss
1408 http fetch GET 200 https://registry.npmjs.org/is-regex 64ms (cache miss)
1409 silly packumentCache full:https://registry.npmjs.org/is-regex set size:undefined disposed:false
1410 silly fetch manifest regexp.prototype.flags@^1.5.4
1411 silly packumentCache full:https://registry.npmjs.org/regexp.prototype.flags cache-miss
1412 http fetch GET 200 https://registry.npmjs.org/is-weakref 66ms (cache miss)
1413 silly packumentCache full:https://registry.npmjs.org/is-weakref set size:undefined disposed:false
1414 silly fetch manifest safe-array-concat@^1.1.3
1415 silly packumentCache full:https://registry.npmjs.org/safe-array-concat cache-miss
1416 http fetch GET 200 https://registry.npmjs.org/object-inspect 59ms (cache miss)
1417 silly packumentCache full:https://registry.npmjs.org/object-inspect set size:undefined disposed:false
1418 silly fetch manifest safe-push-apply@^1.0.0
1419 silly packumentCache full:https://registry.npmjs.org/safe-push-apply cache-miss
1420 http fetch GET 200 https://registry.npmjs.org/function.prototype.name 232ms (cache miss)
1421 silly packumentCache full:https://registry.npmjs.org/function.prototype.name set size:undefined disposed:false
1422 silly fetch manifest safe-regex-test@^1.1.0
1423 silly packumentCache full:https://registry.npmjs.org/safe-regex-test cache-miss
1424 http cache https://registry.npmjs.org/safe-regex-test 4ms (cache hit)
1425 silly packumentCache full:https://registry.npmjs.org/safe-regex-test set size:17412 disposed:false
1426 silly fetch manifest set-proto@^1.0.0
1427 silly packumentCache full:https://registry.npmjs.org/set-proto cache-miss
1428 http fetch GET 200 https://registry.npmjs.org/object.assign 63ms (cache miss)
1429 silly packumentCache full:https://registry.npmjs.org/object.assign set size:undefined disposed:false
1430 silly fetch manifest stop-iteration-iterator@^1.1.0
1431 silly packumentCache full:https://registry.npmjs.org/stop-iteration-iterator cache-miss
1432 http fetch GET 200 https://registry.npmjs.org/safe-push-apply 42ms (cache miss)
1433 silly packumentCache full:https://registry.npmjs.org/safe-push-apply set size:undefined disposed:false
1434 silly fetch manifest string.prototype.trim@^1.2.10
1435 silly packumentCache full:https://registry.npmjs.org/string.prototype.trim cache-miss
1436 http fetch GET 200 https://registry.npmjs.org/regexp.prototype.flags 72ms (cache miss)
1437 silly packumentCache full:https://registry.npmjs.org/regexp.prototype.flags set size:undefined disposed:false
1438 silly fetch manifest string.prototype.trimstart@^1.0.8
1439 silly packumentCache full:https://registry.npmjs.org/string.prototype.trimstart cache-miss
1440 http fetch GET 200 https://registry.npmjs.org/safe-array-concat 57ms (cache miss)
1441 silly packumentCache full:https://registry.npmjs.org/safe-array-concat set size:undefined disposed:false
1442 silly fetch manifest typed-array-buffer@^1.0.3
1443 silly packumentCache full:https://registry.npmjs.org/typed-array-buffer cache-miss
1444 http fetch GET 200 https://registry.npmjs.org/set-proto 53ms (cache miss)
1445 silly packumentCache full:https://registry.npmjs.org/set-proto set size:undefined disposed:false
1446 silly fetch manifest typed-array-byte-length@^1.0.3
1447 silly packumentCache full:https://registry.npmjs.org/typed-array-byte-length cache-miss
1448 http fetch GET 200 https://registry.npmjs.org/is-array-buffer 231ms (cache miss)
1449 silly packumentCache full:https://registry.npmjs.org/is-array-buffer set size:undefined disposed:false
1450 silly fetch manifest typed-array-byte-offset@^1.0.4
1451 silly packumentCache full:https://registry.npmjs.org/typed-array-byte-offset cache-miss
1452 http fetch GET 200 https://registry.npmjs.org/stop-iteration-iterator 53ms (cache miss)
1453 silly packumentCache full:https://registry.npmjs.org/stop-iteration-iterator set size:undefined disposed:false
1454 silly fetch manifest typed-array-length@^1.0.7
1455 silly packumentCache full:https://registry.npmjs.org/typed-array-length cache-miss
1456 http fetch GET 200 https://registry.npmjs.org/string.prototype.trim 46ms (cache miss)
1457 silly packumentCache full:https://registry.npmjs.org/string.prototype.trim set size:undefined disposed:false
1458 silly fetch manifest unbox-primitive@^1.1.0
1459 silly packumentCache full:https://registry.npmjs.org/unbox-primitive cache-miss
1460 http fetch GET 200 https://registry.npmjs.org/typed-array-buffer 51ms (cache miss)
1461 silly packumentCache full:https://registry.npmjs.org/typed-array-buffer set size:undefined disposed:false
1462 silly fetch manifest which-typed-array@^1.1.19
1463 silly packumentCache full:https://registry.npmjs.org/which-typed-array cache-miss
1464 http fetch GET 200 https://registry.npmjs.org/string.prototype.trimstart 59ms (cache miss)
1465 silly packumentCache full:https://registry.npmjs.org/string.prototype.trimstart set size:undefined disposed:false
1466 silly fetch manifest has-tostringtag@^1.0.2
1467 silly packumentCache full:https://registry.npmjs.org/has-tostringtag cache-miss
1468 http fetch GET 200 https://registry.npmjs.org/typed-array-byte-length 50ms (cache miss)
1469 silly packumentCache full:https://registry.npmjs.org/typed-array-byte-length set size:undefined disposed:false
1470 http fetch GET 200 https://registry.npmjs.org/is-data-view 227ms (cache miss)
1471 silly packumentCache full:https://registry.npmjs.org/is-data-view set size:undefined disposed:false
1472 http fetch GET 200 https://registry.npmjs.org/typed-array-byte-offset 53ms (cache miss)
1473 silly packumentCache full:https://registry.npmjs.org/typed-array-byte-offset set size:undefined disposed:false
1474 http fetch GET 200 https://registry.npmjs.org/is-shared-array-buffer 235ms (cache miss)
1475 silly packumentCache full:https://registry.npmjs.org/is-shared-array-buffer set size:undefined disposed:false
1476 http fetch GET 200 https://registry.npmjs.org/is-set 240ms (cache miss)
1477 silly packumentCache full:https://registry.npmjs.org/is-set set size:undefined disposed:false
1478 http fetch GET 200 https://registry.npmjs.org/is-typed-array 236ms (cache miss)
1479 silly packumentCache full:https://registry.npmjs.org/is-typed-array set size:undefined disposed:false
1480 http fetch GET 200 https://registry.npmjs.org/has-tostringtag 52ms (cache miss)
1481 silly packumentCache full:https://registry.npmjs.org/has-tostringtag set size:undefined disposed:false
1482 http fetch GET 200 https://registry.npmjs.org/which-typed-array 72ms (cache miss)
1483 silly packumentCache full:https://registry.npmjs.org/which-typed-array set size:undefined disposed:false
1484 http fetch GET 200 https://registry.npmjs.org/own-keys 229ms (cache miss)
1485 silly packumentCache full:https://registry.npmjs.org/own-keys set size:undefined disposed:false
1486 http fetch GET 200 https://registry.npmjs.org/unbox-primitive 202ms (cache miss)
1487 silly packumentCache full:https://registry.npmjs.org/unbox-primitive set size:undefined disposed:false
1488 http fetch GET 200 https://registry.npmjs.org/typed-array-length 232ms (cache miss)
1489 silly packumentCache full:https://registry.npmjs.org/typed-array-length set size:undefined disposed:false
1490 silly placeDep ROOT es-errors@1.3.0 OK for: array.prototype.findlastindex@1.2.6 want: ^1.3.0
1491 silly placeDep ROOT es-shim-unscopables@1.1.0 OK for: array.prototype.findlastindex@1.2.6 want: ^1.1.0
1492 silly placeDep ROOT call-bind-apply-helpers@1.0.2 OK for: call-bind@1.0.9 want: ^1.0.2
1493 silly placeDep ROOT es-define-property@1.0.1 OK for: call-bind@1.0.9 want: ^1.0.1
1494 silly placeDep ROOT set-function-length@1.2.2 OK for: call-bind@1.0.9 want: ^1.2.2
1495 silly fetch manifest define-data-property@^1.1.4
1496 silly packumentCache full:https://registry.npmjs.org/define-data-property cache-miss
1497 silly fetch manifest gopd@^1.0.1
1498 silly packumentCache full:https://registry.npmjs.org/gopd cache-miss
1499 http cache https://registry.npmjs.org/gopd 5ms (cache hit)
1500 silly packumentCache full:https://registry.npmjs.org/gopd set size:11483 disposed:false
1501 http cache https://registry.npmjs.org/define-data-property 6ms (cache hit)
1502 silly packumentCache full:https://registry.npmjs.org/define-data-property set size:28048 disposed:false
1503 silly placeDep ROOT function-bind@1.1.2 OK for: call-bind-apply-helpers@1.0.2 want: ^1.1.2
1504 silly placeDep ROOT define-data-property@1.1.4 OK for: define-properties@1.2.1 want: ^1.0.1
1505 silly placeDep ROOT has-property-descriptors@1.0.2 OK for: define-properties@1.2.1 want: ^1.0.0
1506 silly placeDep ROOT object-keys@1.1.1 OK for: define-properties@1.2.1 want: ^1.1.1
1507 silly placeDep ROOT gopd@1.2.0 OK for: define-data-property@1.1.4 want: ^1.0.1
1508 silly placeDep ROOT array-buffer-byte-length@1.0.2 OK for: es-abstract@1.24.2 want: ^1.0.2
1509 silly placeDep ROOT arraybuffer.prototype.slice@1.0.4 OK for: es-abstract@1.24.2 want: ^1.0.4
1510 silly placeDep ROOT available-typed-arrays@1.0.7 OK for: es-abstract@1.24.2 want: ^1.0.7
1511 silly placeDep ROOT data-view-buffer@1.0.2 OK for: es-abstract@1.24.2 want: ^1.0.2
1512 silly placeDep ROOT data-view-byte-length@1.0.2 OK for: es-abstract@1.24.2 want: ^1.0.2
1513 silly placeDep ROOT data-view-byte-offset@1.0.1 OK for: es-abstract@1.24.2 want: ^1.0.1
1514 silly placeDep ROOT es-set-tostringtag@2.1.0 OK for: es-abstract@1.24.2 want: ^2.1.0
1515 silly placeDep ROOT es-to-primitive@1.3.4 OK for: es-abstract@1.24.2 want: ^1.3.0
1516 silly placeDep ROOT function.prototype.name@1.2.0 OK for: es-abstract@1.24.2 want: ^1.1.8
1517 silly placeDep ROOT get-proto@1.0.1 OK for: es-abstract@1.24.2 want: ^1.0.1
1518 silly placeDep ROOT get-symbol-description@1.1.0 OK for: es-abstract@1.24.2 want: ^1.1.0
1519 silly placeDep ROOT globalthis@1.0.4 OK for: es-abstract@1.24.2 want: ^1.0.4
1520 silly placeDep ROOT has-proto@1.2.0 OK for: es-abstract@1.24.2 want: ^1.2.0
1521 silly placeDep ROOT has-symbols@1.1.0 OK for: es-abstract@1.24.2 want: ^1.1.0
1522 silly placeDep ROOT internal-slot@1.1.0 OK for: es-abstract@1.24.2 want: ^1.1.0
1523 silly placeDep ROOT is-array-buffer@3.0.5 OK for: es-abstract@1.24.2 want: ^3.0.5
1524 silly placeDep ROOT is-callable@1.2.7 OK for: es-abstract@1.24.2 want: ^1.2.7
1525 silly placeDep ROOT is-data-view@1.0.2 OK for: es-abstract@1.24.2 want: ^1.0.2
1526 silly placeDep ROOT is-negative-zero@2.0.3 OK for: es-abstract@1.24.2 want: ^2.0.3
1527 silly placeDep ROOT is-regex@1.2.1 OK for: es-abstract@1.24.2 want: ^1.2.1
1528 silly placeDep ROOT is-set@2.0.3 OK for: es-abstract@1.24.2 want: ^2.0.3
1529 silly placeDep ROOT is-shared-array-buffer@1.0.4 OK for: es-abstract@1.24.2 want: ^1.0.4
1530 silly placeDep ROOT is-typed-array@1.1.15 OK for: es-abstract@1.24.2 want: ^1.1.15
1531 silly placeDep ROOT is-weakref@1.1.1 OK for: es-abstract@1.24.2 want: ^1.1.1
1532 silly placeDep ROOT object-inspect@1.13.4 OK for: es-abstract@1.24.2 want: ^1.13.4
1533 silly placeDep ROOT object.assign@4.1.7 OK for: es-abstract@1.24.2 want: ^4.1.7
1534 silly placeDep ROOT own-keys@1.0.2 OK for: es-abstract@1.24.2 want: ^1.0.1
1535 silly placeDep ROOT regexp.prototype.flags@1.5.4 OK for: es-abstract@1.24.2 want: ^1.5.4
1536 silly placeDep ROOT safe-array-concat@1.1.4 OK for: es-abstract@1.24.2 want: ^1.1.3
1537 silly placeDep ROOT safe-push-apply@1.0.0 OK for: es-abstract@1.24.2 want: ^1.0.0
1538 silly placeDep ROOT safe-regex-test@1.1.0 OK for: es-abstract@1.24.2 want: ^1.1.0
1539 silly placeDep ROOT set-proto@1.0.0 OK for: es-abstract@1.24.2 want: ^1.0.0
1540 silly placeDep ROOT stop-iteration-iterator@1.1.0 OK for: es-abstract@1.24.2 want: ^1.1.0
1541 silly placeDep ROOT string.prototype.trim@1.2.11 OK for: es-abstract@1.24.2 want: ^1.2.10
1542 silly placeDep ROOT string.prototype.trimstart@1.0.8 OK for: es-abstract@1.24.2 want: ^1.0.8
1543 silly placeDep ROOT typed-array-buffer@1.0.3 OK for: es-abstract@1.24.2 want: ^1.0.3
1544 silly placeDep ROOT typed-array-byte-length@1.0.3 OK for: es-abstract@1.24.2 want: ^1.0.3
1545 silly placeDep ROOT typed-array-byte-offset@1.0.4 OK for: es-abstract@1.24.2 want: ^1.0.4
1546 silly placeDep ROOT typed-array-length@1.0.8 OK for: es-abstract@1.24.2 want: ^1.0.7
1547 silly placeDep ROOT unbox-primitive@1.1.0 OK for: es-abstract@1.24.2 want: ^1.1.0
1548 silly placeDep ROOT which-typed-array@1.1.22 OK for: es-abstract@1.24.2 want: ^1.1.19
1549 silly fetch manifest is-array-buffer@^3.0.4
1550 silly packumentCache full:https://registry.npmjs.org/is-array-buffer cache-miss
1551 silly fetch manifest possible-typed-array-names@^1.0.0
1552 silly packumentCache full:https://registry.npmjs.org/possible-typed-array-names cache-miss
1553 silly fetch manifest is-data-view@^1.0.1
1554 silly packumentCache full:https://registry.npmjs.org/is-data-view cache-miss
1555 silly fetch manifest is-symbol@^1.1.1
1556 silly packumentCache full:https://registry.npmjs.org/is-symbol cache-miss
1557 silly fetch manifest is-date-object@^1.1.0
1558 silly packumentCache full:https://registry.npmjs.org/is-date-object cache-miss
1559 silly fetch manifest es-abstract-get@^1.0.0
1560 silly packumentCache full:https://registry.npmjs.org/es-abstract-get cache-miss
1561 silly fetch manifest is-document.all@^1.0.0
1562 silly packumentCache full:https://registry.npmjs.org/is-document.all cache-miss
1563 silly fetch manifest functions-have-names@^1.2.3
1564 silly packumentCache full:https://registry.npmjs.org/functions-have-names cache-miss
1565 silly fetch manifest dunder-proto@^1.0.1
1566 silly packumentCache full:https://registry.npmjs.org/dunder-proto cache-miss
1567 silly fetch manifest dunder-proto@^1.0.0
1568 silly packumentCache full:https://registry.npmjs.org/dunder-proto cache-miss
1569 silly fetch manifest side-channel@^1.1.0
1570 silly packumentCache full:https://registry.npmjs.org/side-channel cache-miss
1571 http cache https://registry.npmjs.org/is-array-buffer 15ms (cache hit)
1572 silly packumentCache full:https://registry.npmjs.org/is-array-buffer set size:33562 disposed:false
1573 silly fetch manifest is-typed-array@^1.1.13
1574 silly packumentCache full:https://registry.npmjs.org/is-typed-array cache-miss
1575 http cache https://registry.npmjs.org/is-data-view 16ms (cache hit)
1576 silly packumentCache full:https://registry.npmjs.org/is-data-view set size:13756 disposed:false
1577 silly fetch manifest which-typed-array@^1.1.16
1578 silly packumentCache full:https://registry.npmjs.org/which-typed-array cache-miss
1579 http cache https://registry.npmjs.org/is-typed-array 5ms (cache hit)
1580 silly packumentCache full:https://registry.npmjs.org/is-typed-array set size:79965 disposed:false
1581 silly fetch manifest set-function-name@^2.0.2
1582 silly packumentCache full:https://registry.npmjs.org/set-function-name cache-miss
1583 http cache https://registry.npmjs.org/which-typed-array 7ms (cache hit)
1584 silly packumentCache full:https://registry.npmjs.org/which-typed-array set size:101551 disposed:false
1585 silly fetch manifest isarray@^2.0.5
1586 silly packumentCache full:https://registry.npmjs.org/isarray cache-miss
1587 http fetch GET 200 https://registry.npmjs.org/set-function-name 51ms (cache miss)
1588 silly packumentCache full:https://registry.npmjs.org/set-function-name set size:undefined disposed:false
1589 silly fetch manifest isarray@^2.0.5
1590 silly packumentCache full:https://registry.npmjs.org/isarray cache-miss
1591 http fetch GET 200 https://registry.npmjs.org/possible-typed-array-names 75ms (cache miss)
1592 silly packumentCache full:https://registry.npmjs.org/possible-typed-array-names set size:undefined disposed:false
1593 silly fetch manifest dunder-proto@^1.0.1
1594 silly packumentCache full:https://registry.npmjs.org/dunder-proto cache-miss
1595 http fetch GET 200 https://registry.npmjs.org/dunder-proto 75ms (cache miss)
1596 silly packumentCache full:https://registry.npmjs.org/dunder-proto set size:undefined disposed:false
1597 silly fetch manifest for-each@^0.3.3
1598 silly packumentCache full:https://registry.npmjs.org/for-each cache-miss
1599 http fetch GET 200 https://registry.npmjs.org/dunder-proto 78ms (cache miss)
1600 silly packumentCache full:https://registry.npmjs.org/dunder-proto set size:undefined disposed:false
1601 silly fetch manifest for-each@^0.3.3
1602 silly packumentCache full:https://registry.npmjs.org/for-each cache-miss
1603 http fetch GET 200 https://registry.npmjs.org/side-channel 79ms (cache miss)
1604 silly packumentCache full:https://registry.npmjs.org/side-channel set size:undefined disposed:false
1605 silly fetch manifest reflect.getprototypeof@^1.0.9
1606 silly packumentCache full:https://registry.npmjs.org/reflect.getprototypeof cache-miss
1607 http fetch GET 200 https://registry.npmjs.org/is-symbol 82ms (cache miss)
1608 silly packumentCache full:https://registry.npmjs.org/is-symbol set size:undefined disposed:false
1609 silly fetch manifest for-each@^0.3.5
1610 silly packumentCache full:https://registry.npmjs.org/for-each cache-miss
1611 http fetch GET 200 https://registry.npmjs.org/functions-have-names 82ms (cache miss)
1612 silly packumentCache full:https://registry.npmjs.org/functions-have-names set size:undefined disposed:false
1613 silly fetch manifest possible-typed-array-names@^1.1.0
1614 silly packumentCache full:https://registry.npmjs.org/possible-typed-array-names cache-miss
1615 http fetch GET 200 https://registry.npmjs.org/isarray 63ms (cache miss)
1616 silly packumentCache full:https://registry.npmjs.org/isarray set size:undefined disposed:false
1617 silly fetch manifest reflect.getprototypeof@^1.0.10
1618 silly packumentCache full:https://registry.npmjs.org/reflect.getprototypeof cache-miss
1619 http cache https://registry.npmjs.org/dunder-proto 14ms (cache hit)
1620 silly packumentCache full:https://registry.npmjs.org/dunder-proto set size:8256 disposed:false
1621 silly fetch manifest has-bigints@^1.0.2
1622 silly packumentCache full:https://registry.npmjs.org/has-bigints cache-miss
1623 http cache https://registry.npmjs.org/possible-typed-array-names 7ms (cache hit)
1624 silly packumentCache full:https://registry.npmjs.org/possible-typed-array-names set size:9167 disposed:false
1625 silly fetch manifest which-boxed-primitive@^1.1.1
1626 silly packumentCache full:https://registry.npmjs.org/which-boxed-primitive cache-miss
1627 http fetch GET 200 https://registry.npmjs.org/isarray 49ms (cache miss)
1628 silly packumentCache full:https://registry.npmjs.org/isarray set size:undefined disposed:false
1629 silly fetch manifest for-each@^0.3.5
1630 silly packumentCache full:https://registry.npmjs.org/for-each cache-miss
1631 http fetch GET 200 https://registry.npmjs.org/which-boxed-primitive 58ms (cache miss)
1632 silly packumentCache full:https://registry.npmjs.org/which-boxed-primitive set size:undefined disposed:false
1633 http fetch GET 200 https://registry.npmjs.org/is-date-object 220ms (cache miss)
1634 silly packumentCache full:https://registry.npmjs.org/is-date-object set size:undefined disposed:false
1635 http fetch GET 200 https://registry.npmjs.org/is-document.all 220ms (cache miss)
1636 silly packumentCache full:https://registry.npmjs.org/is-document.all set size:undefined disposed:false
1637 http fetch GET 200 https://registry.npmjs.org/es-abstract-get 227ms (cache miss)
1638 silly packumentCache full:https://registry.npmjs.org/es-abstract-get set size:undefined disposed:false
1639 http fetch GET 200 https://registry.npmjs.org/for-each 196ms (cache miss)
1640 silly packumentCache full:https://registry.npmjs.org/for-each set size:undefined disposed:false
1641 http fetch GET 200 https://registry.npmjs.org/for-each 219ms (cache miss)
1642 silly packumentCache full:https://registry.npmjs.org/for-each set size:undefined disposed:false
1643 http fetch GET 200 https://registry.npmjs.org/for-each 179ms (cache miss)
1644 silly packumentCache full:https://registry.npmjs.org/for-each set size:undefined disposed:false
1645 http fetch GET 200 https://registry.npmjs.org/for-each 224ms (cache miss)
1646 silly packumentCache full:https://registry.npmjs.org/for-each set size:undefined disposed:false
1647 http fetch GET 200 https://registry.npmjs.org/reflect.getprototypeof 221ms (cache miss)
1648 silly packumentCache full:https://registry.npmjs.org/reflect.getprototypeof set size:undefined disposed:false
1649 http fetch GET 200 https://registry.npmjs.org/reflect.getprototypeof 228ms (cache miss)
1650 silly packumentCache full:https://registry.npmjs.org/reflect.getprototypeof set size:undefined disposed:false
1651 http fetch GET 200 https://registry.npmjs.org/has-bigints 225ms (cache miss)
1652 silly packumentCache full:https://registry.npmjs.org/has-bigints set size:undefined disposed:false
1653 silly placeDep ROOT possible-typed-array-names@1.1.0 OK for: available-typed-arrays@1.0.7 want: ^1.0.0
1654 silly placeDep ROOT has-tostringtag@1.0.2 OK for: es-set-tostringtag@2.1.0 want: ^1.0.2
1655 silly placeDep ROOT es-abstract-get@1.0.0 OK for: es-to-primitive@1.3.4 want: ^1.0.0
1656 silly placeDep ROOT is-date-object@1.1.0 OK for: es-to-primitive@1.3.4 want: ^1.1.0
1657 silly placeDep ROOT is-symbol@1.1.1 OK for: es-to-primitive@1.3.4 want: ^1.1.1
1658 silly placeDep node_modules/eslint-module-utils debug@3.2.7 OK for: eslint-module-utils@2.14.0 want: ^3.2.7
1659 silly placeDep ROOT aria-query@5.3.2 OK for: eslint-plugin-jsx-a11y@6.10.2 want: ^5.3.2
1660 silly placeDep ROOT ast-types-flow@0.0.8 OK for: eslint-plugin-jsx-a11y@6.10.2 want: ^0.0.8
1661 silly placeDep ROOT axe-core@4.12.1 OK for: eslint-plugin-jsx-a11y@6.10.2 want: ^4.10.0
1662 silly placeDep ROOT axobject-query@4.1.0 OK for: eslint-plugin-jsx-a11y@6.10.2 want: ^4.1.0
1663 silly placeDep ROOT damerau-levenshtein@1.0.8 OK for: eslint-plugin-jsx-a11y@6.10.2 want: ^1.0.8
1664 silly placeDep ROOT emoji-regex@9.2.2 OK for: eslint-plugin-jsx-a11y@6.10.2 want: ^9.2.2
1665 silly placeDep ROOT jsx-ast-utils@3.3.5 OK for: eslint-plugin-jsx-a11y@6.10.2 want: ^3.3.5
1666 silly placeDep ROOT language-tags@1.0.9 OK for: eslint-plugin-jsx-a11y@6.10.2 want: ^1.0.9
1667 silly placeDep ROOT string.prototype.includes@2.0.1 OK for: eslint-plugin-jsx-a11y@6.10.2 want: ^2.0.1
1668 silly fetch manifest language-subtag-registry@^0.3.20
1669 silly packumentCache full:https://registry.npmjs.org/language-subtag-registry cache-miss
1670 http fetch GET 200 https://registry.npmjs.org/language-subtag-registry 59ms (cache miss)
1671 silly packumentCache full:https://registry.npmjs.org/language-subtag-registry set size:undefined disposed:false
1672 silly placeDep ROOT array.prototype.findlast@1.2.5 OK for: eslint-plugin-react@7.37.5 want: ^1.2.5
1673 silly placeDep ROOT array.prototype.tosorted@1.1.4 OK for: eslint-plugin-react@7.37.5 want: ^1.1.4
1674 silly placeDep ROOT es-iterator-helpers@1.4.0 OK for: eslint-plugin-react@7.37.5 want: ^1.2.1
1675 silly placeDep ROOT estraverse@5.3.0 OK for: eslint-plugin-react@7.37.5 want: ^5.3.0
1676 silly placeDep ROOT object.entries@1.1.9 OK for: eslint-plugin-react@7.37.5 want: ^1.1.9
1677 silly placeDep ROOT prop-types@15.8.1 OK for: eslint-plugin-react@7.37.5 want: ^15.8.1
1678 silly placeDep ROOT string.prototype.matchall@4.0.12 OK for: eslint-plugin-react@7.37.5 want: ^4.0.12
1679 silly placeDep ROOT string.prototype.repeat@1.0.0 OK for: eslint-plugin-react@7.37.5 want: ^1.0.0
1680 silly fetch manifest iterator.prototype@^1.1.5
1681 silly packumentCache full:https://registry.npmjs.org/iterator.prototype cache-miss
1682 silly fetch manifest loose-envify@^1.4.0
1683 silly packumentCache full:https://registry.npmjs.org/loose-envify cache-miss
1684 silly fetch manifest object-assign@^4.1.1
1685 silly packumentCache full:https://registry.npmjs.org/object-assign cache-miss
1686 silly fetch manifest react-is@^16.13.1
1687 silly packumentCache full:https://registry.npmjs.org/react-is cache-miss
1688 http fetch GET 200 https://registry.npmjs.org/object-assign 53ms (cache miss)
1689 silly packumentCache full:https://registry.npmjs.org/object-assign set size:undefined disposed:false
1690 http fetch GET 200 https://registry.npmjs.org/iterator.prototype 57ms (cache miss)
1691 silly packumentCache full:https://registry.npmjs.org/iterator.prototype set size:undefined disposed:false
1692 http fetch GET 200 https://registry.npmjs.org/loose-envify 58ms (cache miss)
1693 silly packumentCache full:https://registry.npmjs.org/loose-envify set size:undefined disposed:false
1694 http fetch GET 200 https://registry.npmjs.org/react-is 796ms (cache miss)
1695 silly packumentCache full:https://registry.npmjs.org/react-is set size:undefined disposed:false
1696 silly placeDep ROOT iterator.prototype@1.1.5 OK for: es-iterator-helpers@1.4.0 want: ^1.1.5
1697 silly placeDep ROOT @babel/core@7.29.7 OK for: eslint-plugin-react-hooks@7.1.1 want: ^7.24.4
1698 silly placeDep ROOT @babel/parser@7.29.7 OK for: eslint-plugin-react-hooks@7.1.1 want: ^7.24.4
1699 silly placeDep ROOT hermes-parser@0.25.1 OK for: eslint-plugin-react-hooks@7.1.1 want: ^0.25.1
1700 silly placeDep ROOT zod@4.4.3 OK for: eslint-plugin-react-hooks@7.1.1 want: ^3.25.0 || ^4.0.0
1701 silly placeDep ROOT zod-validation-error@4.0.2 OK for: eslint-plugin-react-hooks@7.1.1 want: ^3.5.0 || ^4.0.0
1702 silly fetch manifest json5@^2.2.3
1703 silly packumentCache full:https://registry.npmjs.org/json5 cache-miss
1704 silly fetch manifest gensync@^1.0.0-beta.2
1705 silly packumentCache full:https://registry.npmjs.org/gensync cache-miss
1706 silly fetch manifest @babel/types@^7.29.7
1707 silly packumentCache full:https://registry.npmjs.org/@babel%2ftypes cache-miss
1708 silly fetch manifest @babel/parser@^7.29.7
1709 silly packumentCache full:https://registry.npmjs.org/@babel%2fparser cache-miss
1710 silly fetch manifest @babel/helpers@^7.29.7
1711 silly packumentCache full:https://registry.npmjs.org/@babel%2fhelpers cache-miss
1712 silly fetch manifest @babel/template@^7.29.7
1713 silly packumentCache full:https://registry.npmjs.org/@babel%2ftemplate cache-miss
1714 silly fetch manifest @babel/traverse@^7.29.7
1715 silly packumentCache full:https://registry.npmjs.org/@babel%2ftraverse cache-miss
1716 silly fetch manifest @babel/generator@^7.29.7
1717 silly packumentCache full:https://registry.npmjs.org/@babel%2fgenerator cache-miss
1718 silly fetch manifest @babel/code-frame@^7.29.7
1719 silly packumentCache full:https://registry.npmjs.org/@babel%2fcode-frame cache-miss
1720 silly fetch manifest convert-source-map@^2.0.0
1721 silly packumentCache full:https://registry.npmjs.org/convert-source-map cache-miss
1722 silly fetch manifest @jridgewell/remapping@^2.3.5
1723 silly packumentCache full:https://registry.npmjs.org/@jridgewell%2fremapping cache-miss
1724 http cache https://registry.npmjs.org/json5 10ms (cache hit)
1725 silly packumentCache full:https://registry.npmjs.org/json5 set size:86136 disposed:false
1726 silly fetch manifest @babel/helper-module-transforms@^7.29.7
1727 silly packumentCache full:https://registry.npmjs.org/@babel%2fhelper-module-transforms cache-miss
1728 http cache https://registry.npmjs.org/@babel%2fparser 12ms (cache hit)
1729 silly packumentCache full:https://registry.npmjs.org/@babel%2fparser set size:735431 disposed:false
1730 silly fetch manifest @babel/helper-compilation-targets@^7.29.7
1731 silly packumentCache full:https://registry.npmjs.org/@babel%2fhelper-compilation-targets cache-miss
1732 http fetch GET 200 https://registry.npmjs.org/convert-source-map 61ms (cache miss)
1733 silly packumentCache full:https://registry.npmjs.org/convert-source-map set size:undefined disposed:false
1734 silly fetch manifest @babel/types@^7.29.7
1735 silly packumentCache full:https://registry.npmjs.org/@babel%2ftypes cache-miss
1736 http fetch GET 200 https://registry.npmjs.org/@jridgewell%2fremapping 86ms (cache miss)
1737 silly packumentCache full:https://registry.npmjs.org/@jridgewell%2fremapping set size:undefined disposed:false
1738 silly fetch manifest hermes-estree@0.25.1
1739 silly packumentCache full:https://registry.npmjs.org/hermes-estree cache-miss
1740 http fetch GET 200 https://registry.npmjs.org/@babel%2fhelpers 119ms (cache miss)
1741 silly packumentCache full:https://registry.npmjs.org/@babel%2fhelpers set size:undefined disposed:false
1742 http fetch GET 200 https://registry.npmjs.org/@babel%2ftypes 151ms (cache miss)
1743 silly packumentCache full:https://registry.npmjs.org/@babel%2ftypes set size:undefined disposed:false
1744 http fetch GET 200 https://registry.npmjs.org/hermes-estree 113ms (cache miss)
1745 silly packumentCache full:https://registry.npmjs.org/hermes-estree set size:undefined disposed:false
1746 http fetch GET 200 https://registry.npmjs.org/@babel%2ftypes 163ms (cache miss)
1747 silly packumentCache full:https://registry.npmjs.org/@babel%2ftypes set size:undefined disposed:false
1748 http fetch GET 200 https://registry.npmjs.org/@babel%2fgenerator 232ms (cache miss)
1749 silly packumentCache full:https://registry.npmjs.org/@babel%2fgenerator set size:undefined disposed:false
1750 http fetch GET 200 https://registry.npmjs.org/gensync 241ms (cache miss)
1751 silly packumentCache full:https://registry.npmjs.org/gensync set size:undefined disposed:false
1752 http fetch GET 200 https://registry.npmjs.org/@babel%2fhelper-module-transforms 262ms (cache miss)
1753 silly packumentCache full:https://registry.npmjs.org/@babel%2fhelper-module-transforms set size:undefined disposed:false
1754 http fetch GET 200 https://registry.npmjs.org/@babel%2ftraverse 279ms (cache miss)
1755 silly packumentCache full:https://registry.npmjs.org/@babel%2ftraverse set size:undefined disposed:false
1756 http fetch GET 200 https://registry.npmjs.org/@babel%2fcode-frame 285ms (cache miss)
1757 silly packumentCache full:https://registry.npmjs.org/@babel%2fcode-frame set size:undefined disposed:false
1758 http fetch GET 200 https://registry.npmjs.org/@babel%2ftemplate 296ms (cache miss)
1759 silly packumentCache full:https://registry.npmjs.org/@babel%2ftemplate set size:undefined disposed:false
1760 http fetch GET 200 https://registry.npmjs.org/@babel%2fhelper-compilation-targets 411ms (cache miss)
1761 silly packumentCache full:https://registry.npmjs.org/@babel%2fhelper-compilation-targets set size:undefined disposed:false
1762 silly fetch manifest @babel/core@^7.0.0
1763 silly packumentCache full:https://registry.npmjs.org/@babel%2fcore cache-miss
1764 http cache https://registry.npmjs.org/@babel%2fcore 5ms (cache hit)
1765 silly packumentCache full:https://registry.npmjs.org/@babel%2fcore set size:788273 disposed:false
1766 silly placeDep ROOT @babel/code-frame@7.29.7 OK for: @babel/core@7.29.7 want: ^7.29.7
1767 silly placeDep ROOT @babel/generator@7.29.7 OK for: @babel/core@7.29.7 want: ^7.29.7
1768 silly placeDep ROOT @babel/helper-compilation-targets@7.29.7 OK for: @babel/core@7.29.7 want: ^7.29.7
1769 silly placeDep ROOT @babel/helper-module-transforms@7.29.7 OK for: @babel/core@7.29.7 want: ^7.29.7
1770 silly placeDep ROOT @babel/helpers@7.29.7 OK for: @babel/core@7.29.7 want: ^7.29.7
1771 silly placeDep ROOT @babel/template@7.29.7 OK for: @babel/core@7.29.7 want: ^7.29.7
1772 silly placeDep ROOT @babel/traverse@7.29.7 OK for: @babel/core@7.29.7 want: ^7.29.7
1773 silly placeDep ROOT @babel/types@7.29.7 OK for: @babel/core@7.29.7 want: ^7.29.7
1774 silly placeDep ROOT @jridgewell/remapping@2.3.5 OK for: @babel/core@7.29.7 want: ^2.3.5
1775 silly placeDep ROOT convert-source-map@2.0.0 OK for: @babel/core@7.29.7 want: ^2.0.0
1776 silly placeDep ROOT gensync@1.0.0-beta.2 OK for: @babel/core@7.29.7 want: ^1.0.0-beta.2
1777 silly placeDep ROOT json5@2.2.3 OK for: @babel/core@7.29.7 want: ^2.2.3
1778 silly fetch manifest js-tokens@^4.0.0
1779 silly packumentCache full:https://registry.npmjs.org/js-tokens cache-miss
1780 silly fetch manifest picocolors@^1.1.1
1781 silly packumentCache full:https://registry.npmjs.org/picocolors cache-miss
1782 silly fetch manifest @babel/helper-validator-identifier@^7.29.7
1783 silly packumentCache full:https://registry.npmjs.org/@babel%2fhelper-validator-identifier cache-miss
1784 silly fetch manifest jsesc@^3.0.2
1785 silly packumentCache full:https://registry.npmjs.org/jsesc cache-miss
1786 silly fetch manifest @jridgewell/gen-mapping@^0.3.12
1787 silly packumentCache full:https://registry.npmjs.org/@jridgewell%2fgen-mapping cache-miss
1788 silly fetch manifest @jridgewell/trace-mapping@^0.3.28
1789 silly packumentCache full:https://registry.npmjs.org/@jridgewell%2ftrace-mapping cache-miss
1790 silly fetch manifest lru-cache@^5.1.1
1791 silly packumentCache full:https://registry.npmjs.org/lru-cache cache-miss
1792 silly fetch manifest browserslist@^4.24.0
1793 silly packumentCache full:https://registry.npmjs.org/browserslist cache-miss
1794 silly fetch manifest @babel/compat-data@^7.29.7
1795 silly packumentCache full:https://registry.npmjs.org/@babel%2fcompat-data cache-miss
1796 silly fetch manifest @babel/helper-validator-option@^7.29.7
1797 silly packumentCache full:https://registry.npmjs.org/@babel%2fhelper-validator-option cache-miss
1798 silly fetch manifest @babel/helper-module-imports@^7.29.7
1799 silly packumentCache full:https://registry.npmjs.org/@babel%2fhelper-module-imports cache-miss
1800 http fetch GET 200 https://registry.npmjs.org/picocolors 70ms (cache miss)
1801 silly packumentCache full:https://registry.npmjs.org/picocolors set size:undefined disposed:false
1802 silly fetch manifest @babel/helper-validator-identifier@^7.29.7
1803 silly packumentCache full:https://registry.npmjs.org/@babel%2fhelper-validator-identifier cache-miss
1804 http fetch GET 200 https://registry.npmjs.org/@babel%2fhelper-module-imports 68ms (cache miss)
1805 silly packumentCache full:https://registry.npmjs.org/@babel%2fhelper-module-imports set size:undefined disposed:false
1806 silly fetch manifest @babel/helper-globals@^7.29.7
1807 silly packumentCache full:https://registry.npmjs.org/@babel%2fhelper-globals cache-miss
1808 http fetch GET 200 https://registry.npmjs.org/js-tokens 76ms (cache miss)
1809 silly packumentCache full:https://registry.npmjs.org/js-tokens set size:undefined disposed:false
1810 silly fetch manifest @babel/helper-string-parser@^7.29.7
1811 silly packumentCache full:https://registry.npmjs.org/@babel%2fhelper-string-parser cache-miss
1812 http fetch GET 200 https://registry.npmjs.org/jsesc 79ms (cache miss)
1813 silly packumentCache full:https://registry.npmjs.org/jsesc set size:undefined disposed:false
1814 silly fetch manifest @babel/helper-validator-identifier@^7.29.7
1815 silly packumentCache full:https://registry.npmjs.org/@babel%2fhelper-validator-identifier cache-miss
1816 http fetch GET 200 https://registry.npmjs.org/@jridgewell%2fgen-mapping 102ms (cache miss)
1817 silly packumentCache full:https://registry.npmjs.org/@jridgewell%2fgen-mapping set size:undefined disposed:false
1818 silly fetch manifest @jridgewell/gen-mapping@^0.3.5
1819 silly packumentCache full:https://registry.npmjs.org/@jridgewell%2fgen-mapping cache-miss
1820 http fetch GET 200 https://registry.npmjs.org/@jridgewell%2ftrace-mapping 105ms (cache miss)
1821 silly packumentCache full:https://registry.npmjs.org/@jridgewell%2ftrace-mapping set size:undefined disposed:false
1822 silly fetch manifest @jridgewell/trace-mapping@^0.3.24
1823 silly packumentCache full:https://registry.npmjs.org/@jridgewell%2ftrace-mapping cache-miss
1824 http cache https://registry.npmjs.org/@jridgewell%2fgen-mapping 6ms (cache hit)
1825 silly packumentCache full:https://registry.npmjs.org/@jridgewell%2fgen-mapping set size:75941 disposed:false
1826 http cache https://registry.npmjs.org/@jridgewell%2ftrace-mapping 4ms (cache hit)
1827 silly packumentCache full:https://registry.npmjs.org/@jridgewell%2ftrace-mapping set size:170909 disposed:false
1828 http fetch GET 200 https://registry.npmjs.org/@babel%2fhelper-validator-option 115ms (cache miss)
1829 silly packumentCache full:https://registry.npmjs.org/@babel%2fhelper-validator-option set size:undefined disposed:false
1830 http fetch GET 200 https://registry.npmjs.org/@babel%2fhelper-validator-identifier 123ms (cache miss)
1831 silly packumentCache full:https://registry.npmjs.org/@babel%2fhelper-validator-identifier set size:undefined disposed:false
1832 http fetch GET 200 https://registry.npmjs.org/@babel%2fhelper-globals 60ms (cache miss)
1833 silly packumentCache full:https://registry.npmjs.org/@babel%2fhelper-globals set size:undefined disposed:false
1834 http fetch GET 200 https://registry.npmjs.org/@babel%2fcompat-data 137ms (cache miss)
1835 silly packumentCache full:https://registry.npmjs.org/@babel%2fcompat-data set size:undefined disposed:false
1836 http fetch GET 200 https://registry.npmjs.org/@babel%2fhelper-string-parser 79ms (cache miss)
1837 silly packumentCache full:https://registry.npmjs.org/@babel%2fhelper-string-parser set size:undefined disposed:false
1838 http fetch GET 200 https://registry.npmjs.org/@babel%2fhelper-validator-identifier 98ms (cache miss)
1839 silly packumentCache full:https://registry.npmjs.org/@babel%2fhelper-validator-identifier set size:undefined disposed:false
1840 http fetch GET 200 https://registry.npmjs.org/@babel%2fhelper-validator-identifier 89ms (cache miss)
1841 silly packumentCache full:https://registry.npmjs.org/@babel%2fhelper-validator-identifier set size:undefined disposed:false
1842 http fetch GET 200 https://registry.npmjs.org/browserslist 256ms (cache miss)
1843 silly packumentCache full:https://registry.npmjs.org/browserslist set size:undefined disposed:false
1844 http fetch GET 200 https://registry.npmjs.org/lru-cache 331ms (cache miss)
1845 silly packumentCache full:https://registry.npmjs.org/lru-cache set size:undefined disposed:false
1846 silly placeDep ROOT @babel/helper-validator-identifier@7.29.7 OK for: @babel/code-frame@7.29.7 want: ^7.29.7
1847 silly placeDep ROOT js-tokens@4.0.0 OK for: @babel/code-frame@7.29.7 want: ^4.0.0
1848 silly placeDep ROOT picocolors@1.1.1 OK for: @babel/code-frame@7.29.7 want: ^1.1.1
1849 silly placeDep ROOT @jridgewell/gen-mapping@0.3.13 OK for: @babel/generator@7.29.7 want: ^0.3.12
1850 silly placeDep ROOT @jridgewell/trace-mapping@0.3.31 OK for: @babel/generator@7.29.7 want: ^0.3.28
1851 silly placeDep ROOT jsesc@3.1.0 OK for: @babel/generator@7.29.7 want: ^3.0.2
1852 silly fetch manifest @jridgewell/sourcemap-codec@^1.5.0
1853 silly packumentCache full:https://registry.npmjs.org/@jridgewell%2fsourcemap-codec cache-miss
1854 silly fetch manifest @jridgewell/resolve-uri@^3.1.0
1855 silly packumentCache full:https://registry.npmjs.org/@jridgewell%2fresolve-uri cache-miss
1856 silly fetch manifest @jridgewell/sourcemap-codec@^1.4.14
1857 silly packumentCache full:https://registry.npmjs.org/@jridgewell%2fsourcemap-codec cache-miss
1858 http fetch GET 200 https://registry.npmjs.org/@jridgewell%2fresolve-uri 82ms (cache miss)
1859 silly packumentCache full:https://registry.npmjs.org/@jridgewell%2fresolve-uri set size:undefined disposed:false
1860 http fetch GET 200 https://registry.npmjs.org/@jridgewell%2fsourcemap-codec 96ms (cache miss)
1861 silly packumentCache full:https://registry.npmjs.org/@jridgewell%2fsourcemap-codec set size:undefined disposed:false
1862 http fetch GET 200 https://registry.npmjs.org/@jridgewell%2fsourcemap-codec 96ms (cache miss)
1863 silly packumentCache full:https://registry.npmjs.org/@jridgewell%2fsourcemap-codec set size:undefined disposed:false
1864 silly placeDep ROOT @babel/compat-data@7.29.7 OK for: @babel/helper-compilation-targets@7.29.7 want: ^7.29.7
1865 silly placeDep ROOT @babel/helper-validator-option@7.29.7 OK for: @babel/helper-compilation-targets@7.29.7 want: ^7.29.7
1866 silly placeDep ROOT browserslist@4.28.7 OK for: @babel/helper-compilation-targets@7.29.7 want: ^4.24.0
1867 silly placeDep ROOT lru-cache@5.1.1 OK for: @babel/helper-compilation-targets@7.29.7 want: ^5.1.1
1868 silly fetch manifest caniuse-lite@^1.0.30001806
1869 silly packumentCache full:https://registry.npmjs.org/caniuse-lite cache-miss
1870 silly fetch manifest node-releases@^2.0.51
1871 silly packumentCache full:https://registry.npmjs.org/node-releases cache-miss
1872 silly fetch manifest electron-to-chromium@^1.5.393
1873 silly packumentCache full:https://registry.npmjs.org/electron-to-chromium cache-miss
1874 silly fetch manifest update-browserslist-db@^1.2.3
1875 silly packumentCache full:https://registry.npmjs.org/update-browserslist-db cache-miss
1876 silly fetch manifest baseline-browser-mapping@^2.10.44
1877 silly packumentCache full:https://registry.npmjs.org/baseline-browser-mapping cache-miss
1878 silly fetch manifest yallist@^3.0.2
1879 silly packumentCache full:https://registry.npmjs.org/yallist cache-miss
1880 http cache https://registry.npmjs.org/baseline-browser-mapping 8ms (cache hit)
1881 silly packumentCache full:https://registry.npmjs.org/baseline-browser-mapping set size:572786 disposed:false
1882 http cache https://registry.npmjs.org/caniuse-lite 15ms (cache hit)
1883 silly packumentCache full:https://registry.npmjs.org/caniuse-lite set size:2306880 disposed:false
1884 http fetch GET 200 https://registry.npmjs.org/yallist 57ms (cache miss)
1885 silly packumentCache full:https://registry.npmjs.org/yallist set size:undefined disposed:false
1886 http fetch GET 200 https://registry.npmjs.org/update-browserslist-db 71ms (cache miss)
1887 silly packumentCache full:https://registry.npmjs.org/update-browserslist-db set size:undefined disposed:false
1888 http fetch GET 200 https://registry.npmjs.org/node-releases 182ms (cache miss)
1889 silly packumentCache full:https://registry.npmjs.org/node-releases set size:undefined disposed:false
1890 http fetch GET 200 https://registry.npmjs.org/electron-to-chromium 595ms (cache miss)
1891 silly packumentCache full:https://registry.npmjs.org/electron-to-chromium set size:undefined disposed:false
1892 silly placeDep ROOT @babel/helper-module-imports@7.29.7 OK for: @babel/helper-module-transforms@7.29.7 want: ^7.29.7
1893 silly placeDep ROOT @babel/helper-globals@7.29.7 OK for: @babel/traverse@7.29.7 want: ^7.29.7
1894 silly placeDep ROOT @babel/helper-string-parser@7.29.7 OK for: @babel/types@7.29.7 want: ^7.29.7
1895 silly placeDep ROOT @jridgewell/sourcemap-codec@1.5.5 OK for: @jridgewell/gen-mapping@0.3.13 want: ^1.5.0
1896 silly placeDep ROOT @jridgewell/resolve-uri@3.1.2 OK for: @jridgewell/trace-mapping@0.3.31 want: ^3.1.0
1897 silly fetch manifest browserslist@>= 4.21.0
1898 silly packumentCache full:https://registry.npmjs.org/browserslist cache-miss
1899 http cache https://registry.npmjs.org/browserslist 6ms (cache hit)
1900 silly packumentCache full:https://registry.npmjs.org/browserslist set size:516369 disposed:false
1901 silly placeDep ROOT baseline-browser-mapping@2.11.8 OK for: browserslist@4.28.7 want: ^2.10.44
1902 silly placeDep ROOT caniuse-lite@1.0.30001806 OK for: browserslist@4.28.7 want: ^1.0.30001806
1903 silly placeDep ROOT electron-to-chromium@1.5.398 OK for: browserslist@4.28.7 want: ^1.5.393
1904 silly placeDep ROOT node-releases@2.0.51 OK for: browserslist@4.28.7 want: ^2.0.51
1905 silly placeDep ROOT update-browserslist-db@1.2.3 OK for: browserslist@4.28.7 want: ^1.2.3
1906 silly fetch manifest escalade@^3.2.0
1907 silly packumentCache full:https://registry.npmjs.org/escalade cache-miss
1908 http fetch GET 200 https://registry.npmjs.org/escalade 56ms (cache miss)
1909 silly packumentCache full:https://registry.npmjs.org/escalade set size:undefined disposed:false
1910 silly placeDep ROOT esrecurse@4.3.0 OK for: eslint-scope@8.4.0 want: ^4.3.0
1911 silly placeDep ROOT acorn@8.18.0 OK for: espree@10.4.0 want: ^8.15.0
1912 silly placeDep ROOT acorn-jsx@5.3.2 OK for: espree@10.4.0 want: ^5.3.2
1913 silly placeDep ROOT @nodelib/fs.stat@2.0.5 OK for: fast-glob@3.3.1 want: ^2.0.2
1914 silly placeDep ROOT @nodelib/fs.walk@1.2.8 OK for: fast-glob@3.3.1 want: ^1.2.3
1915 silly placeDep node_modules/fast-glob glob-parent@5.1.2 OK for: fast-glob@3.3.1 want: ^5.1.2
1916 silly placeDep ROOT merge2@1.4.1 OK for: fast-glob@3.3.1 want: ^1.3.0
1917 silly placeDep ROOT micromatch@4.0.8 OK for: fast-glob@3.3.1 want: ^4.0.4
1918 silly fetch manifest fastq@^1.6.0
1919 silly packumentCache full:https://registry.npmjs.org/fastq cache-miss
1920 silly fetch manifest @nodelib/fs.scandir@2.1.5
1921 silly packumentCache full:https://registry.npmjs.org/@nodelib%2ffs.scandir cache-miss
1922 silly fetch manifest braces@^3.0.3
1923 silly packumentCache full:https://registry.npmjs.org/braces cache-miss
1924 silly fetch manifest picomatch@^2.3.1
1925 silly packumentCache full:https://registry.npmjs.org/picomatch cache-miss
1926 http cache https://registry.npmjs.org/picomatch 5ms (cache hit)
1927 silly packumentCache full:https://registry.npmjs.org/picomatch set size:128942 disposed:false
1928 http fetch GET 200 https://registry.npmjs.org/fastq 60ms (cache miss)
1929 silly packumentCache full:https://registry.npmjs.org/fastq set size:undefined disposed:false
1930 http fetch GET 200 https://registry.npmjs.org/@nodelib%2ffs.scandir 79ms (cache miss)
1931 silly packumentCache full:https://registry.npmjs.org/@nodelib%2ffs.scandir set size:undefined disposed:false
1932 http fetch GET 200 https://registry.npmjs.org/braces 107ms (cache miss)
1933 silly packumentCache full:https://registry.npmjs.org/braces set size:undefined disposed:false
1934 silly placeDep ROOT @nodelib/fs.scandir@2.1.5 OK for: @nodelib/fs.walk@1.2.8 want: 2.1.5
1935 silly placeDep ROOT fastq@1.20.1 OK for: @nodelib/fs.walk@1.2.8 want: ^1.6.0
1936 silly fetch manifest run-parallel@^1.1.9
1937 silly packumentCache full:https://registry.npmjs.org/run-parallel cache-miss
1938 silly fetch manifest reusify@^1.0.4
1939 silly packumentCache full:https://registry.npmjs.org/reusify cache-miss
1940 http fetch GET 200 https://registry.npmjs.org/run-parallel 54ms (cache miss)
1941 silly packumentCache full:https://registry.npmjs.org/run-parallel set size:undefined disposed:false
1942 http fetch GET 200 https://registry.npmjs.org/reusify 56ms (cache miss)
1943 silly packumentCache full:https://registry.npmjs.org/reusify set size:undefined disposed:false
1944 silly placeDep ROOT run-parallel@1.2.0 OK for: @nodelib/fs.scandir@2.1.5 want: ^1.1.9
1945 silly fetch manifest queue-microtask@^1.2.2
1946 silly packumentCache full:https://registry.npmjs.org/queue-microtask cache-miss
1947 http fetch GET 200 https://registry.npmjs.org/queue-microtask 65ms (cache miss)
1948 silly packumentCache full:https://registry.npmjs.org/queue-microtask set size:undefined disposed:false
1949 silly placeDep ROOT reusify@1.1.0 OK for: fastq@1.20.1 want: ^1.0.4
1950 silly placeDep ROOT flat-cache@4.0.1 OK for: file-entry-cache@8.0.0 want: ^4.0.0
1951 silly fetch manifest keyv@^4.5.4
1952 silly packumentCache full:https://registry.npmjs.org/keyv cache-miss
1953 silly fetch manifest flatted@^3.2.9
1954 silly packumentCache full:https://registry.npmjs.org/flatted cache-miss
1955 http fetch GET 200 https://registry.npmjs.org/keyv 69ms (cache miss)
1956 silly packumentCache full:https://registry.npmjs.org/keyv set size:undefined disposed:false
1957 http fetch GET 200 https://registry.npmjs.org/flatted 78ms (cache miss)
1958 silly packumentCache full:https://registry.npmjs.org/flatted set size:undefined disposed:false
1959 silly placeDep ROOT locate-path@6.0.0 OK for: find-up@5.0.0 want: ^6.0.0
1960 silly placeDep ROOT path-exists@4.0.0 OK for: find-up@5.0.0 want: ^4.0.0
1961 silly fetch manifest p-locate@^5.0.0
1962 silly packumentCache full:https://registry.npmjs.org/p-locate cache-miss
1963 http fetch GET 200 https://registry.npmjs.org/p-locate 56ms (cache miss)
1964 silly packumentCache full:https://registry.npmjs.org/p-locate set size:undefined disposed:false
1965 silly placeDep ROOT flatted@3.4.4 OK for: flat-cache@4.0.1 want: ^3.2.9
1966 silly placeDep ROOT keyv@4.5.4 OK for: flat-cache@4.0.1 want: ^4.5.4
1967 silly fetch manifest json-buffer@3.0.1
1968 silly packumentCache full:https://registry.npmjs.org/json-buffer cache-miss
1969 http fetch GET 200 https://registry.npmjs.org/json-buffer 197ms (cache miss)
1970 silly packumentCache full:https://registry.npmjs.org/json-buffer set size:undefined disposed:false
1971 silly placeDep ROOT functions-have-names@1.2.3 OK for: function.prototype.name@1.2.0 want: ^1.2.3
1972 silly placeDep ROOT is-document.all@1.0.0 OK for: function.prototype.name@1.2.0 want: ^1.0.0
1973 silly placeDep ROOT dunder-proto@1.0.1 OK for: get-proto@1.0.1 want: ^1.0.1
1974 silly placeDep ROOT resolve-pkg-maps@1.0.0 OK for: get-tsconfig@4.14.0 want: ^1.0.0
1975 silly placeDep ROOT hermes-estree@0.25.1 OK for: hermes-parser@0.25.1 want: 0.25.1
1976 silly placeDep ROOT parent-module@1.0.1 OK for: import-fresh@3.3.1 want: ^1.0.0
1977 silly placeDep ROOT resolve-from@4.0.0 OK for: import-fresh@3.3.1 want: ^4.0.0
1978 silly fetch manifest callsites@^3.0.0
1979 silly packumentCache full:https://registry.npmjs.org/callsites cache-miss
1980 http fetch GET 200 https://registry.npmjs.org/callsites 53ms (cache miss)
1981 silly packumentCache full:https://registry.npmjs.org/callsites set size:undefined disposed:false
1982 silly placeDep ROOT side-channel@1.1.1 OK for: internal-slot@1.1.0 want: ^1.1.0
1983 silly fetch manifest side-channel-list@^1.0.1
1984 silly packumentCache full:https://registry.npmjs.org/side-channel-list cache-miss
1985 silly fetch manifest side-channel-map@^1.0.1
1986 silly packumentCache full:https://registry.npmjs.org/side-channel-map cache-miss
1987 silly fetch manifest side-channel-weakmap@^1.0.2
1988 silly packumentCache full:https://registry.npmjs.org/side-channel-weakmap cache-miss
1989 http fetch GET 200 https://registry.npmjs.org/side-channel-map 122ms (cache miss)
1990 silly packumentCache full:https://registry.npmjs.org/side-channel-map set size:undefined disposed:false
1991 http fetch GET 200 https://registry.npmjs.org/side-channel-list 124ms (cache miss)
1992 silly packumentCache full:https://registry.npmjs.org/side-channel-list set size:undefined disposed:false
1993 http fetch GET 200 https://registry.npmjs.org/side-channel-weakmap 195ms (cache miss)
1994 silly packumentCache full:https://registry.npmjs.org/side-channel-weakmap set size:undefined disposed:false
1995 silly placeDep node_modules/is-bun-module semver@7.8.5 OK for: is-bun-module@2.0.0 want: ^7.7.1
1996 silly placeDep ROOT is-extglob@2.1.1 OK for: is-glob@4.0.3 want: ^2.1.1
1997 silly placeDep ROOT set-function-name@2.0.2 OK for: iterator.prototype@1.1.5 want: ^2.0.2
1998 silly placeDep ROOT argparse@2.0.1 OK for: js-yaml@4.3.0 want: ^2.0.1
1999 silly placeDep ROOT json-buffer@3.0.1 OK for: keyv@4.5.4 want: 3.0.1
2000 silly placeDep ROOT language-subtag-registry@0.3.23 OK for: language-tags@1.0.9 want: ^0.3.20
2001 silly placeDep ROOT prelude-ls@1.2.1 OK for: levn@0.4.1 want: ^1.2.1
2002 silly placeDep ROOT type-check@0.4.0 OK for: levn@0.4.1 want: ~0.4.0
2003 silly placeDep ROOT p-locate@5.0.0 OK for: locate-path@6.0.0 want: ^5.0.0
2004 silly fetch manifest p-limit@^3.0.2
2005 silly packumentCache full:https://registry.npmjs.org/p-limit cache-miss
2006 http fetch GET 200 https://registry.npmjs.org/p-limit 59ms (cache miss)
2007 silly packumentCache full:https://registry.npmjs.org/p-limit set size:undefined disposed:false
2008 silly placeDep ROOT yallist@3.1.1 OK for: lru-cache@5.1.1 want: ^3.0.2
2009 silly placeDep ROOT braces@3.0.3 OK for: micromatch@4.0.8 want: ^3.0.3
2010 silly placeDep ROOT picomatch@2.3.2 OK for: micromatch@4.0.8 want: ^2.3.1
2011 silly fetch manifest fill-range@^7.1.1
2012 silly packumentCache full:https://registry.npmjs.org/fill-range cache-miss
2013 http fetch GET 200 https://registry.npmjs.org/fill-range 69ms (cache miss)
2014 silly packumentCache full:https://registry.npmjs.org/fill-range set size:undefined disposed:false
2015 silly placeDep ROOT fill-range@7.1.1 OK for: braces@3.0.3 want: ^7.1.1
2016 silly fetch manifest to-regex-range@^5.0.1
2017 silly packumentCache full:https://registry.npmjs.org/to-regex-range cache-miss
2018 http fetch GET 200 https://registry.npmjs.org/to-regex-range 67ms (cache miss)
2019 silly packumentCache full:https://registry.npmjs.org/to-regex-range set size:undefined disposed:false
2020 silly placeDep ROOT to-regex-range@5.0.1 OK for: fill-range@7.1.1 want: ^5.0.1
2021 silly fetch manifest is-number@^7.0.0
2022 silly packumentCache full:https://registry.npmjs.org/is-number cache-miss
2023 http fetch GET 200 https://registry.npmjs.org/is-number 53ms (cache miss)
2024 silly packumentCache full:https://registry.npmjs.org/is-number set size:undefined disposed:false
2025 silly placeDep ROOT brace-expansion@1.1.18 OK for: minimatch@3.1.5 want: ^1.1.7
2026 silly fetch manifest concat-map@0.0.1
2027 silly packumentCache full:https://registry.npmjs.org/concat-map cache-miss
2028 silly fetch manifest balanced-match@^1.0.0
2029 silly packumentCache full:https://registry.npmjs.org/balanced-match cache-miss
2030 http fetch GET 200 https://registry.npmjs.org/concat-map 55ms (cache miss)
2031 silly packumentCache full:https://registry.npmjs.org/concat-map set size:undefined disposed:false
2032 http fetch GET 200 https://registry.npmjs.org/balanced-match 56ms (cache miss)
2033 silly packumentCache full:https://registry.npmjs.org/balanced-match set size:undefined disposed:false
2034 silly placeDep ROOT balanced-match@1.0.2 OK for: brace-expansion@1.1.18 want: ^1.0.0
2035 silly placeDep ROOT concat-map@0.0.1 OK for: brace-expansion@1.1.18 want: 0.0.1
2036 silly fetch manifest react@^18.2.0 || 19.0.0-rc-de68d2f4-20241204 || ^19.0.0
2037 silly packumentCache full:https://registry.npmjs.org/react cache-miss
2038 http cache https://registry.npmjs.org/react 14ms (cache hit)
2039 silly packumentCache full:https://registry.npmjs.org/react set size:6854251 disposed:false
2040 silly placeDep ROOT @next/env@16.2.12 OK for: next@16.2.12 want: 16.2.12
2041 silly placeDep ROOT @next/swc-darwin-arm64@16.2.12 OK for: next@16.2.12 want: 16.2.12
2042 silly placeDep ROOT @next/swc-darwin-x64@16.2.12 OK for: next@16.2.12 want: 16.2.12
2043 silly placeDep ROOT @next/swc-linux-arm64-gnu@16.2.12 OK for: next@16.2.12 want: 16.2.12
2044 silly placeDep ROOT @next/swc-linux-arm64-musl@16.2.12 OK for: next@16.2.12 want: 16.2.12
2045 silly placeDep ROOT @next/swc-linux-x64-gnu@16.2.12 OK for: next@16.2.12 want: 16.2.12
2046 silly placeDep ROOT @next/swc-linux-x64-musl@16.2.12 OK for: next@16.2.12 want: 16.2.12
2047 silly placeDep ROOT @next/swc-win32-arm64-msvc@16.2.12 OK for: next@16.2.12 want: 16.2.12
2048 silly placeDep ROOT @next/swc-win32-x64-msvc@16.2.12 OK for: next@16.2.12 want: 16.2.12
2049 silly placeDep ROOT @swc/helpers@0.5.15 OK for: next@16.2.12 want: 0.5.15
2050 silly placeDep ROOT postcss@8.4.31 OK for: next@16.2.12 want: 8.4.31
2051 silly placeDep ROOT sharp@0.34.5 OK for: next@16.2.12 want: ^0.34.5
2052 silly placeDep ROOT styled-jsx@5.1.6 OK for: next@16.2.12 want: 5.1.6
2053 silly fetch manifest tslib@^2.8.0
2054 silly packumentCache full:https://registry.npmjs.org/tslib cache-miss
2055 silly fetch manifest nanoid@^3.3.6
2056 silly packumentCache full:https://registry.npmjs.org/nanoid cache-miss
2057 silly fetch manifest source-map-js@^1.0.2
2058 silly packumentCache full:https://registry.npmjs.org/source-map-js cache-miss
2059 silly fetch manifest semver@^7.7.3
2060 silly packumentCache full:https://registry.npmjs.org/semver cache-hit
2061 silly fetch manifest @img/colour@^1.0.0
2062 silly packumentCache full:https://registry.npmjs.org/@img%2fcolour cache-miss
2063 silly fetch manifest detect-libc@^2.1.2
2064 silly packumentCache full:https://registry.npmjs.org/detect-libc cache-miss
2065 silly fetch manifest @img/sharp-wasm32@0.34.5
2066 silly packumentCache full:https://registry.npmjs.org/@img%2fsharp-wasm32 cache-miss
2067 silly fetch manifest @img/sharp-linux-arm@0.34.5
2068 silly packumentCache full:https://registry.npmjs.org/@img%2fsharp-linux-arm cache-miss
2069 silly fetch manifest @img/sharp-linux-x64@0.34.5
2070 silly packumentCache full:https://registry.npmjs.org/@img%2fsharp-linux-x64 cache-miss
2071 silly fetch manifest @img/sharp-win32-x64@0.34.5
2072 silly packumentCache full:https://registry.npmjs.org/@img%2fsharp-win32-x64 cache-miss
2073 silly fetch manifest @img/sharp-darwin-x64@0.34.5
2074 silly packumentCache full:https://registry.npmjs.org/@img%2fsharp-darwin-x64 cache-miss
2075 silly fetch manifest @img/sharp-win32-ia32@0.34.5
2076 silly packumentCache full:https://registry.npmjs.org/@img%2fsharp-win32-ia32 cache-miss
2077 http fetch GET 200 https://registry.npmjs.org/tslib 42ms (cache miss)
2078 silly packumentCache full:https://registry.npmjs.org/tslib set size:undefined disposed:false
2079 silly fetch manifest @img/sharp-linux-arm64@0.34.5
2080 silly packumentCache full:https://registry.npmjs.org/@img%2fsharp-linux-arm64 cache-miss
2081 http fetch GET 200 https://registry.npmjs.org/source-map-js 58ms (cache miss)
2082 silly packumentCache full:https://registry.npmjs.org/source-map-js set size:undefined disposed:false
2083 silly fetch manifest @img/sharp-linux-ppc64@0.34.5
2084 silly packumentCache full:https://registry.npmjs.org/@img%2fsharp-linux-ppc64 cache-miss
2085 http fetch GET 200 https://registry.npmjs.org/@img%2fsharp-wasm32 73ms (cache miss)
2086 silly packumentCache full:https://registry.npmjs.org/@img%2fsharp-wasm32 set size:undefined disposed:false
2087 silly fetch manifest @img/sharp-linux-s390x@0.34.5
2088 silly packumentCache full:https://registry.npmjs.org/@img%2fsharp-linux-s390x cache-miss
2089 http fetch GET 200 https://registry.npmjs.org/detect-libc 82ms (cache miss)
2090 silly packumentCache full:https://registry.npmjs.org/detect-libc set size:undefined disposed:false
2091 silly fetch manifest @img/sharp-win32-arm64@0.34.5
2092 silly packumentCache full:https://registry.npmjs.org/@img%2fsharp-win32-arm64 cache-miss
2093 http fetch GET 200 https://registry.npmjs.org/@img%2fsharp-win32-x64 82ms (cache miss)
2094 silly packumentCache full:https://registry.npmjs.org/@img%2fsharp-win32-x64 set size:undefined disposed:false
2095 silly fetch manifest @img/sharp-darwin-arm64@0.34.5
2096 silly packumentCache full:https://registry.npmjs.org/@img%2fsharp-darwin-arm64 cache-miss
2097 http fetch GET 200 https://registry.npmjs.org/@img%2fsharp-linux-x64 94ms (cache miss)
2098 silly packumentCache full:https://registry.npmjs.org/@img%2fsharp-linux-x64 set size:undefined disposed:false
2099 silly fetch manifest @img/sharp-linux-riscv64@0.34.5
2100 silly packumentCache full:https://registry.npmjs.org/@img%2fsharp-linux-riscv64 cache-miss
2101 http fetch GET 200 https://registry.npmjs.org/@img%2fsharp-linux-arm 97ms (cache miss)
2102 silly packumentCache full:https://registry.npmjs.org/@img%2fsharp-linux-arm set size:undefined disposed:false
2103 silly fetch manifest @img/sharp-linuxmusl-x64@0.34.5
2104 silly packumentCache full:https://registry.npmjs.org/@img%2fsharp-linuxmusl-x64 cache-miss
2105 http fetch GET 200 https://registry.npmjs.org/@img%2fsharp-win32-ia32 96ms (cache miss)
2106 silly packumentCache full:https://registry.npmjs.org/@img%2fsharp-win32-ia32 set size:undefined disposed:false
2107 silly fetch manifest @img/sharp-linuxmusl-arm64@0.34.5
2108 silly packumentCache full:https://registry.npmjs.org/@img%2fsharp-linuxmusl-arm64 cache-miss
2109 http fetch GET 200 https://registry.npmjs.org/nanoid 116ms (cache miss)
2110 silly packumentCache full:https://registry.npmjs.org/nanoid set size:undefined disposed:false
2111 silly fetch manifest @img/sharp-libvips-linux-arm@1.2.4
2112 silly packumentCache full:https://registry.npmjs.org/@img%2fsharp-libvips-linux-arm cache-miss
2113 http fetch GET 200 https://registry.npmjs.org/@img%2fsharp-linux-ppc64 69ms (cache miss)
2114 silly packumentCache full:https://registry.npmjs.org/@img%2fsharp-linux-ppc64 set size:undefined disposed:false
2115 silly fetch manifest @img/sharp-libvips-linux-x64@1.2.4
2116 silly packumentCache full:https://registry.npmjs.org/@img%2fsharp-libvips-linux-x64 cache-miss
2117 http fetch GET 200 https://registry.npmjs.org/@img%2fsharp-linux-s390x 65ms (cache miss)
2118 silly packumentCache full:https://registry.npmjs.org/@img%2fsharp-linux-s390x set size:undefined disposed:false
2119 silly fetch manifest @img/sharp-libvips-darwin-x64@1.2.4
2120 silly packumentCache full:https://registry.npmjs.org/@img%2fsharp-libvips-darwin-x64 cache-miss
2121 http fetch GET 200 https://registry.npmjs.org/@img%2fsharp-win32-arm64 63ms (cache miss)
2122 silly packumentCache full:https://registry.npmjs.org/@img%2fsharp-win32-arm64 set size:undefined disposed:false
2123 silly fetch manifest @img/sharp-libvips-linux-arm64@1.2.4
2124 silly packumentCache full:https://registry.npmjs.org/@img%2fsharp-libvips-linux-arm64 cache-miss
2125 http fetch GET 200 https://registry.npmjs.org/@img%2fsharp-linux-riscv64 72ms (cache miss)
2126 silly packumentCache full:https://registry.npmjs.org/@img%2fsharp-linux-riscv64 set size:undefined disposed:false
2127 silly fetch manifest @img/sharp-libvips-linux-ppc64@1.2.4
2128 silly packumentCache full:https://registry.npmjs.org/@img%2fsharp-libvips-linux-ppc64 cache-miss
2129 http fetch GET 200 https://registry.npmjs.org/@img%2fsharp-linuxmusl-arm64 74ms (cache miss)
2130 silly packumentCache full:https://registry.npmjs.org/@img%2fsharp-linuxmusl-arm64 set size:undefined disposed:false
2131 silly fetch manifest @img/sharp-libvips-linux-s390x@1.2.4
2132 silly packumentCache full:https://registry.npmjs.org/@img%2fsharp-libvips-linux-s390x cache-miss
2133 http fetch GET 200 https://registry.npmjs.org/@img%2fsharp-linuxmusl-x64 81ms (cache miss)
2134 silly packumentCache full:https://registry.npmjs.org/@img%2fsharp-linuxmusl-x64 set size:undefined disposed:false
2135 silly fetch manifest @img/sharp-libvips-darwin-arm64@1.2.4
2136 silly packumentCache full:https://registry.npmjs.org/@img%2fsharp-libvips-darwin-arm64 cache-miss
2137 http fetch GET 200 https://registry.npmjs.org/@img%2fsharp-darwin-arm64 109ms (cache miss)
2138 silly packumentCache full:https://registry.npmjs.org/@img%2fsharp-darwin-arm64 set size:undefined disposed:false
2139 silly fetch manifest @img/sharp-libvips-linux-riscv64@1.2.4
2140 silly packumentCache full:https://registry.npmjs.org/@img%2fsharp-libvips-linux-riscv64 cache-miss
2141 http fetch GET 200 https://registry.npmjs.org/@img%2fsharp-libvips-linux-x64 67ms (cache miss)
2142 silly packumentCache full:https://registry.npmjs.org/@img%2fsharp-libvips-linux-x64 set size:undefined disposed:false
2143 silly fetch manifest @img/sharp-libvips-linuxmusl-x64@1.2.4
2144 silly packumentCache full:https://registry.npmjs.org/@img%2fsharp-libvips-linuxmusl-x64 cache-miss
2145 http fetch GET 200 https://registry.npmjs.org/@img%2fsharp-libvips-darwin-x64 62ms (cache miss)
2146 silly packumentCache full:https://registry.npmjs.org/@img%2fsharp-libvips-darwin-x64 set size:undefined disposed:false
2147 silly fetch manifest @img/sharp-libvips-linuxmusl-arm64@1.2.4
2148 silly packumentCache full:https://registry.npmjs.org/@img%2fsharp-libvips-linuxmusl-arm64 cache-miss
2149 http fetch GET 200 https://registry.npmjs.org/@img%2fsharp-libvips-linux-arm 91ms (cache miss)
2150 silly packumentCache full:https://registry.npmjs.org/@img%2fsharp-libvips-linux-arm set size:undefined disposed:false
2151 silly fetch manifest client-only@0.0.1
2152 silly packumentCache full:https://registry.npmjs.org/client-only cache-miss
2153 http fetch GET 200 https://registry.npmjs.org/@img%2fsharp-libvips-linux-arm64 68ms (cache miss)
2154 silly packumentCache full:https://registry.npmjs.org/@img%2fsharp-libvips-linux-arm64 set size:undefined disposed:false
2155 http fetch GET 200 https://registry.npmjs.org/@img%2fcolour 224ms (cache miss)
2156 silly packumentCache full:https://registry.npmjs.org/@img%2fcolour set size:undefined disposed:false
2157 http fetch GET 200 https://registry.npmjs.org/@img%2fsharp-libvips-linux-ppc64 67ms (cache miss)
2158 silly packumentCache full:https://registry.npmjs.org/@img%2fsharp-libvips-linux-ppc64 set size:undefined disposed:false
2159 http fetch GET 200 https://registry.npmjs.org/@img%2fsharp-darwin-x64 241ms (cache miss)
2160 silly packumentCache full:https://registry.npmjs.org/@img%2fsharp-darwin-x64 set size:undefined disposed:false
2161 http fetch GET 200 https://registry.npmjs.org/@img%2fsharp-libvips-linux-s390x 69ms (cache miss)
2162 silly packumentCache full:https://registry.npmjs.org/@img%2fsharp-libvips-linux-s390x set size:undefined disposed:false
2163 http fetch GET 200 https://registry.npmjs.org/@img%2fsharp-libvips-darwin-arm64 77ms (cache miss)
2164 silly packumentCache full:https://registry.npmjs.org/@img%2fsharp-libvips-darwin-arm64 set size:undefined disposed:false
2165 http fetch GET 200 https://registry.npmjs.org/client-only 49ms (cache miss)
2166 silly packumentCache full:https://registry.npmjs.org/client-only set size:undefined disposed:false
2167 http fetch GET 200 https://registry.npmjs.org/@img%2fsharp-libvips-linuxmusl-x64 66ms (cache miss)
2168 silly packumentCache full:https://registry.npmjs.org/@img%2fsharp-libvips-linuxmusl-x64 set size:undefined disposed:false
2169 http fetch GET 200 https://registry.npmjs.org/@img%2fsharp-libvips-linuxmusl-arm64 65ms (cache miss)
2170 silly packumentCache full:https://registry.npmjs.org/@img%2fsharp-libvips-linuxmusl-arm64 set size:undefined disposed:false
2171 http fetch GET 200 https://registry.npmjs.org/@img%2fsharp-libvips-linux-riscv64 82ms (cache miss)
2172 silly packumentCache full:https://registry.npmjs.org/@img%2fsharp-libvips-linux-riscv64 set size:undefined disposed:false
2173 http fetch GET 200 https://registry.npmjs.org/@img%2fsharp-linux-arm64 253ms (cache miss)
2174 silly packumentCache full:https://registry.npmjs.org/@img%2fsharp-linux-arm64 set size:undefined disposed:false
2175 silly placeDep ROOT tslib@2.8.1 OK for: @swc/helpers@0.5.15 want: ^2.8.0
2176 silly placeDep ROOT deep-is@0.1.4 OK for: optionator@0.9.4 want: ^0.1.3
2177 silly placeDep ROOT fast-levenshtein@2.0.6 OK for: optionator@0.9.4 want: ^2.0.6
2178 silly placeDep ROOT word-wrap@1.2.5 OK for: optionator@0.9.4 want: ^1.2.5
2179 silly placeDep ROOT p-limit@3.1.0 OK for: p-locate@5.0.0 want: ^3.0.2
2180 silly fetch manifest yocto-queue@^0.1.0
2181 silly packumentCache full:https://registry.npmjs.org/yocto-queue cache-miss
2182 http fetch GET 200 https://registry.npmjs.org/yocto-queue 52ms (cache miss)
2183 silly packumentCache full:https://registry.npmjs.org/yocto-queue set size:undefined disposed:false
2184 silly placeDep ROOT yocto-queue@0.1.0 OK for: p-limit@3.1.0 want: ^0.1.0
2185 silly placeDep ROOT callsites@3.1.0 OK for: parent-module@1.0.1 want: ^3.0.0
2186 silly placeDep ROOT nanoid@3.3.16 OK for: postcss@8.4.31 want: ^3.3.6
2187 silly placeDep ROOT source-map-js@1.2.1 OK for: postcss@8.4.31 want: ^1.0.2
2188 silly placeDep ROOT loose-envify@1.4.0 OK for: prop-types@15.8.1 want: ^1.4.0
2189 silly placeDep ROOT object-assign@4.1.1 OK for: prop-types@15.8.1 want: ^4.1.1
2190 silly placeDep ROOT react-is@16.13.1 OK for: prop-types@15.8.1 want: ^16.13.1
2191 silly placeDep ROOT scheduler@0.27.0 OK for: react-dom@19.2.8 want: ^0.27.0
2192 silly placeDep ROOT node-exports-info@1.6.2 OK for: resolve@2.0.0-next.7 want: ^1.6.0
2193 silly placeDep ROOT path-parse@1.0.7 OK for: resolve@2.0.0-next.7 want: ^1.0.7
2194 silly placeDep ROOT supports-preserve-symlinks-flag@1.0.0 OK for: resolve@2.0.0-next.7 want: ^1.0.0
2195 silly placeDep ROOT queue-microtask@1.2.3 OK for: run-parallel@1.2.0 want: ^1.2.2
2196 silly placeDep ROOT isarray@2.0.5 OK for: safe-array-concat@1.1.4 want: ^2.0.5
2197 silly placeDep ROOT @img/colour@1.1.0 OK for: sharp@0.34.5 want: ^1.0.0
2198 silly placeDep ROOT @img/sharp-darwin-arm64@0.34.5 OK for: sharp@0.34.5 want: 0.34.5
2199 silly placeDep ROOT @img/sharp-darwin-x64@0.34.5 OK for: sharp@0.34.5 want: 0.34.5
2200 silly placeDep ROOT @img/sharp-libvips-darwin-arm64@1.2.4 OK for: sharp@0.34.5 want: 1.2.4
2201 silly placeDep ROOT @img/sharp-libvips-darwin-x64@1.2.4 OK for: sharp@0.34.5 want: 1.2.4
2202 silly placeDep ROOT @img/sharp-libvips-linux-arm@1.2.4 OK for: sharp@0.34.5 want: 1.2.4
2203 silly placeDep ROOT @img/sharp-libvips-linux-arm64@1.2.4 OK for: sharp@0.34.5 want: 1.2.4
2204 silly placeDep ROOT @img/sharp-libvips-linux-ppc64@1.2.4 OK for: sharp@0.34.5 want: 1.2.4
2205 silly placeDep ROOT @img/sharp-libvips-linux-riscv64@1.2.4 OK for: sharp@0.34.5 want: 1.2.4
2206 silly placeDep ROOT @img/sharp-libvips-linux-s390x@1.2.4 OK for: sharp@0.34.5 want: 1.2.4
2207 silly placeDep ROOT @img/sharp-libvips-linux-x64@1.2.4 OK for: sharp@0.34.5 want: 1.2.4
2208 silly placeDep ROOT @img/sharp-libvips-linuxmusl-arm64@1.2.4 OK for: sharp@0.34.5 want: 1.2.4
2209 silly placeDep ROOT @img/sharp-libvips-linuxmusl-x64@1.2.4 OK for: sharp@0.34.5 want: 1.2.4
2210 silly placeDep ROOT @img/sharp-linux-arm@0.34.5 OK for: sharp@0.34.5 want: 0.34.5
2211 silly placeDep ROOT @img/sharp-linux-arm64@0.34.5 OK for: sharp@0.34.5 want: 0.34.5
2212 silly placeDep ROOT @img/sharp-linux-ppc64@0.34.5 OK for: sharp@0.34.5 want: 0.34.5
2213 silly placeDep ROOT @img/sharp-linux-riscv64@0.34.5 OK for: sharp@0.34.5 want: 0.34.5
2214 silly placeDep ROOT @img/sharp-linux-s390x@0.34.5 OK for: sharp@0.34.5 want: 0.34.5
2215 silly placeDep ROOT @img/sharp-linux-x64@0.34.5 OK for: sharp@0.34.5 want: 0.34.5
2216 silly placeDep ROOT @img/sharp-linuxmusl-arm64@0.34.5 OK for: sharp@0.34.5 want: 0.34.5
2217 silly placeDep ROOT @img/sharp-linuxmusl-x64@0.34.5 OK for: sharp@0.34.5 want: 0.34.5
2218 silly placeDep ROOT @img/sharp-wasm32@0.34.5 OK for: sharp@0.34.5 want: 0.34.5
2219 silly placeDep ROOT @img/sharp-win32-arm64@0.34.5 OK for: sharp@0.34.5 want: 0.34.5
2220 silly placeDep ROOT @img/sharp-win32-ia32@0.34.5 OK for: sharp@0.34.5 want: 0.34.5
2221 silly placeDep ROOT @img/sharp-win32-x64@0.34.5 OK for: sharp@0.34.5 want: 0.34.5
2222 silly placeDep ROOT detect-libc@2.1.2 OK for: sharp@0.34.5 want: ^2.1.2
2223 silly placeDep node_modules/sharp semver@7.8.5 OK for: sharp@0.34.5 want: ^7.7.3
2224 silly fetch manifest @emnapi/runtime@^1.7.0
2225 silly packumentCache full:https://registry.npmjs.org/@emnapi%2fruntime cache-miss
2226 http fetch GET 200 https://registry.npmjs.org/@emnapi%2fruntime 93ms (cache miss)
2227 silly packumentCache full:https://registry.npmjs.org/@emnapi%2fruntime set size:undefined disposed:false
2228 silly placeDep ROOT @emnapi/runtime@1.11.3 OK for: @img/sharp-wasm32@0.34.5 want: ^1.7.0
2229 silly placeDep ROOT shebang-regex@3.0.0 OK for: shebang-command@2.0.0 want: ^3.0.0
2230 silly placeDep ROOT side-channel-list@1.0.1 OK for: side-channel@1.1.1 want: ^1.0.1
2231 silly placeDep ROOT side-channel-map@1.0.1 OK for: side-channel@1.1.1 want: ^1.0.1
2232 silly placeDep ROOT side-channel-weakmap@1.0.2 OK for: side-channel@1.1.1 want: ^1.0.2
2233 silly placeDep ROOT client-only@0.0.1 OK for: styled-jsx@5.1.6 want: 0.0.1
2234 silly placeDep ROOT has-flag@4.0.0 OK for: supports-color@7.2.0 want: ^4.0.0
2235 silly placeDep node_modules/tinyglobby fdir@6.5.0 OK for: tinyglobby@0.2.17 want: ^6.5.0
2236 silly placeDep node_modules/tinyglobby picomatch@4.0.5 OK for: fdir@6.5.0 want: ^3 || ^4
2237 silly placeDep ROOT is-number@7.0.0 OK for: to-regex-range@5.0.1 want: ^7.0.0
2238 silly placeDep ROOT @types/json5@0.0.29 OK for: tsconfig-paths@3.15.0 want: ^0.0.29
2239 silly placeDep node_modules/tsconfig-paths json5@1.0.2 OK for: tsconfig-paths@3.15.0 want: ^1.0.2
2240 silly placeDep ROOT minimist@1.2.8 OK for: tsconfig-paths@3.15.0 want: ^1.2.6
2241 silly placeDep ROOT strip-bom@3.0.0 OK for: tsconfig-paths@3.15.0 want: ^3.0.0
2242 silly fetch manifest minimist@^1.2.0
2243 silly packumentCache full:https://registry.npmjs.org/minimist cache-miss
2244 http cache https://registry.npmjs.org/minimist 5ms (cache hit)
2245 silly packumentCache full:https://registry.npmjs.org/minimist set size:77063 disposed:false
2246 silly placeDep ROOT for-each@0.3.5 OK for: typed-array-byte-length@1.0.3 want: ^0.3.3
2247 silly placeDep ROOT reflect.getprototypeof@1.0.10 OK for: typed-array-byte-offset@1.0.4 want: ^1.0.9
2248 silly fetch manifest which-builtin-type@^1.2.1
2249 silly packumentCache full:https://registry.npmjs.org/which-builtin-type cache-miss
2250 http fetch GET 200 https://registry.npmjs.org/which-builtin-type 57ms (cache miss)
2251 silly packumentCache full:https://registry.npmjs.org/which-builtin-type set size:undefined disposed:false
2252 silly placeDep ROOT which-builtin-type@1.2.1 OK for: reflect.getprototypeof@1.0.10 want: ^1.2.1
2253 silly fetch manifest is-async-function@^2.0.0
2254 silly packumentCache full:https://registry.npmjs.org/is-async-function cache-miss
2255 silly fetch manifest is-finalizationregistry@^1.1.0
2256 silly packumentCache full:https://registry.npmjs.org/is-finalizationregistry cache-miss
2257 silly fetch manifest is-generator-function@^1.0.10
2258 silly packumentCache full:https://registry.npmjs.org/is-generator-function cache-miss
2259 silly fetch manifest which-boxed-primitive@^1.1.0
2260 silly packumentCache full:https://registry.npmjs.org/which-boxed-primitive cache-miss
2261 silly fetch manifest which-collection@^1.0.2
2262 silly packumentCache full:https://registry.npmjs.org/which-collection cache-miss
2263 http cache https://registry.npmjs.org/which-boxed-primitive 5ms (cache hit)
2264 silly packumentCache full:https://registry.npmjs.org/which-boxed-primitive set size:19407 disposed:false
2265 http fetch GET 200 https://registry.npmjs.org/which-collection 55ms (cache miss)
2266 silly packumentCache full:https://registry.npmjs.org/which-collection set size:undefined disposed:false
2267 http fetch GET 200 https://registry.npmjs.org/is-finalizationregistry 57ms (cache miss)
2268 silly packumentCache full:https://registry.npmjs.org/is-finalizationregistry set size:undefined disposed:false
2269 http fetch GET 200 https://registry.npmjs.org/is-generator-function 61ms (cache miss)
2270 silly packumentCache full:https://registry.npmjs.org/is-generator-function set size:undefined disposed:false
2271 http fetch GET 200 https://registry.npmjs.org/is-async-function 239ms (cache miss)
2272 silly packumentCache full:https://registry.npmjs.org/is-async-function set size:undefined disposed:false
2273 silly fetch manifest eslint@^8.57.0 || ^9.0.0 || ^10.0.0
2274 silly packumentCache full:https://registry.npmjs.org/eslint cache-miss
2275 http cache https://registry.npmjs.org/eslint 7ms (cache hit)
2276 silly packumentCache full:https://registry.npmjs.org/eslint set size:2040662 disposed:false
2277 silly placeDep ROOT @typescript-eslint/eslint-plugin@8.65.0 OK for: typescript-eslint@8.65.0 want: 8.65.0
2278 silly placeDep ROOT @typescript-eslint/parser@8.65.0 OK for: @typescript-eslint/eslint-plugin@8.65.0 want: ^8.65.0
2279 silly placeDep ROOT @typescript-eslint/typescript-estree@8.65.0 OK for: typescript-eslint@8.65.0 want: 8.65.0
2280 silly placeDep ROOT @typescript-eslint/utils@8.65.0 OK for: typescript-eslint@8.65.0 want: 8.65.0
2281 silly fetch manifest ignore@^7.0.5
2282 silly packumentCache full:https://registry.npmjs.org/ignore cache-miss
2283 silly fetch manifest ts-api-utils@^2.5.0
2284 silly packumentCache full:https://registry.npmjs.org/ts-api-utils cache-miss
2285 silly fetch manifest @typescript-eslint/type-utils@8.65.0
2286 silly packumentCache full:https://registry.npmjs.org/@typescript-eslint%2ftype-utils cache-miss
2287 silly fetch manifest @typescript-eslint/visitor-keys@8.65.0
2288 silly packumentCache full:https://registry.npmjs.org/@typescript-eslint%2fvisitor-keys cache-miss
2289 silly fetch manifest @typescript-eslint/scope-manager@8.65.0
2290 silly packumentCache full:https://registry.npmjs.org/@typescript-eslint%2fscope-manager cache-miss
2291 silly fetch manifest @typescript-eslint/types@8.65.0
2292 silly packumentCache full:https://registry.npmjs.org/@typescript-eslint%2ftypes cache-miss
2293 silly fetch manifest @typescript-eslint/visitor-keys@8.65.0
2294 silly packumentCache full:https://registry.npmjs.org/@typescript-eslint%2fvisitor-keys cache-miss
2295 silly fetch manifest @typescript-eslint/scope-manager@8.65.0
2296 silly packumentCache full:https://registry.npmjs.org/@typescript-eslint%2fscope-manager cache-miss
2297 silly fetch manifest minimatch@^10.2.2
2298 silly packumentCache full:https://registry.npmjs.org/minimatch cache-hit
2299 silly fetch manifest ts-api-utils@^2.5.0
2300 silly packumentCache full:https://registry.npmjs.org/ts-api-utils cache-miss
2301 silly fetch manifest @typescript-eslint/types@8.65.0
2302 silly packumentCache full:https://registry.npmjs.org/@typescript-eslint%2ftypes cache-miss
2303 silly fetch manifest @typescript-eslint/visitor-keys@8.65.0
2304 silly packumentCache full:https://registry.npmjs.org/@typescript-eslint%2fvisitor-keys cache-miss
2305 http cache https://registry.npmjs.org/ignore 12ms (cache hit)
2306 silly packumentCache full:https://registry.npmjs.org/ignore set size:240910 disposed:false
2307 silly fetch manifest @typescript-eslint/tsconfig-utils@8.65.0
2308 silly packumentCache full:https://registry.npmjs.org/@typescript-eslint%2ftsconfig-utils cache-miss
2309 http fetch GET 200 https://registry.npmjs.org/ts-api-utils 91ms (cache miss)
2310 silly packumentCache full:https://registry.npmjs.org/ts-api-utils set size:undefined disposed:false
2311 silly fetch manifest @typescript-eslint/project-service@8.65.0
2312 silly packumentCache full:https://registry.npmjs.org/@typescript-eslint%2fproject-service cache-miss
2313 http fetch GET 200 https://registry.npmjs.org/ts-api-utils 93ms (cache miss)
2314 silly packumentCache full:https://registry.npmjs.org/ts-api-utils set size:undefined disposed:false
2315 silly fetch manifest @typescript-eslint/types@8.65.0
2316 silly packumentCache full:https://registry.npmjs.org/@typescript-eslint%2ftypes cache-miss
2317 http fetch GET 200 https://registry.npmjs.org/@typescript-eslint%2ftsconfig-utils 435ms (cache miss)
2318 silly packumentCache full:https://registry.npmjs.org/@typescript-eslint%2ftsconfig-utils set size:undefined disposed:false
2319 silly fetch manifest @typescript-eslint/scope-manager@8.65.0
2320 silly packumentCache full:https://registry.npmjs.org/@typescript-eslint%2fscope-manager cache-miss
2321 http fetch GET 200 https://registry.npmjs.org/@typescript-eslint%2fproject-service 881ms (cache miss)
2322 silly packumentCache full:https://registry.npmjs.org/@typescript-eslint%2fproject-service set size:undefined disposed:false
2323 http fetch GET 200 https://registry.npmjs.org/@typescript-eslint%2fscope-manager 2451ms (cache miss)
2324 silly packumentCache full:https://registry.npmjs.org/@typescript-eslint%2fscope-manager set size:undefined disposed:false
2325 http fetch GET 200 https://registry.npmjs.org/@typescript-eslint%2fscope-manager 3386ms (cache miss)
2326 silly packumentCache full:https://registry.npmjs.org/@typescript-eslint%2fscope-manager set size:undefined disposed:false
2327 http fetch GET 200 https://registry.npmjs.org/@typescript-eslint%2ftype-utils 4297ms (cache miss)
2328 silly packumentCache full:https://registry.npmjs.org/@typescript-eslint%2ftype-utils set size:undefined disposed:false
2329 http fetch GET 200 https://registry.npmjs.org/@typescript-eslint%2ftypes 4390ms (cache miss)
2330 silly packumentCache full:https://registry.npmjs.org/@typescript-eslint%2ftypes set size:undefined disposed:false
2331 http fetch GET 200 https://registry.npmjs.org/@typescript-eslint%2ftypes 4475ms (cache miss)
2332 silly packumentCache full:https://registry.npmjs.org/@typescript-eslint%2ftypes set size:undefined disposed:false
2333 http fetch GET 200 https://registry.npmjs.org/@typescript-eslint%2fvisitor-keys 5262ms (cache miss)
2334 silly packumentCache full:https://registry.npmjs.org/@typescript-eslint%2fvisitor-keys set size:undefined disposed:false
2335 http fetch GET 200 https://registry.npmjs.org/@typescript-eslint%2ftypes 5994ms (cache miss)
2336 silly packumentCache full:https://registry.npmjs.org/@typescript-eslint%2ftypes set size:undefined disposed:false
2337 http fetch GET 200 https://registry.npmjs.org/@typescript-eslint%2fvisitor-keys 6232ms (cache miss)
2338 silly packumentCache full:https://registry.npmjs.org/@typescript-eslint%2fvisitor-keys set size:undefined disposed:false
2339 http fetch GET 200 https://registry.npmjs.org/@typescript-eslint%2fvisitor-keys 6416ms (cache miss)
2340 silly packumentCache full:https://registry.npmjs.org/@typescript-eslint%2fvisitor-keys set size:undefined disposed:false
2341 http fetch GET 200 https://registry.npmjs.org/@typescript-eslint%2fscope-manager 6677ms (cache miss)
2342 silly packumentCache full:https://registry.npmjs.org/@typescript-eslint%2fscope-manager set size:undefined disposed:false
2343 silly placeDep ROOT @typescript-eslint/scope-manager@8.65.0 OK for: @typescript-eslint/eslint-plugin@8.65.0 want: 8.65.0
2344 silly placeDep ROOT @typescript-eslint/type-utils@8.65.0 OK for: @typescript-eslint/eslint-plugin@8.65.0 want: 8.65.0
2345 silly placeDep ROOT @typescript-eslint/visitor-keys@8.65.0 OK for: @typescript-eslint/eslint-plugin@8.65.0 want: 8.65.0
2346 silly placeDep node_modules/@typescript-eslint/eslint-plugin ignore@7.0.6 OK for: @typescript-eslint/eslint-plugin@8.65.0 want: ^7.0.5
2347 silly placeDep ROOT ts-api-utils@2.5.0 OK for: @typescript-eslint/eslint-plugin@8.65.0 want: ^2.5.0
2348 silly fetch manifest eslint-visitor-keys@^5.0.0
2349 silly packumentCache full:https://registry.npmjs.org/eslint-visitor-keys cache-hit
2350 silly placeDep ROOT @typescript-eslint/types@8.65.0 OK for: @typescript-eslint/parser@8.65.0 want: 8.65.0
2351 silly placeDep ROOT @typescript-eslint/project-service@8.65.0 OK for: @typescript-eslint/typescript-estree@8.65.0 want: 8.65.0
2352 silly placeDep ROOT @typescript-eslint/tsconfig-utils@8.65.0 OK for: @typescript-eslint/typescript-estree@8.65.0 want: 8.65.0
2353 silly placeDep node_modules/@typescript-eslint/typescript-estree minimatch@10.2.6 OK for: @typescript-eslint/typescript-estree@8.65.0 want: ^10.2.2
2354 silly placeDep node_modules/@typescript-eslint/typescript-estree semver@7.8.5 OK for: @typescript-eslint/typescript-estree@8.65.0 want: ^7.7.3
2355 silly fetch manifest @typescript-eslint/tsconfig-utils@^8.65.0
2356 silly packumentCache full:https://registry.npmjs.org/@typescript-eslint%2ftsconfig-utils cache-miss
2357 http cache https://registry.npmjs.org/@typescript-eslint%2ftsconfig-utils 7ms (cache hit)
2358 silly packumentCache full:https://registry.npmjs.org/@typescript-eslint%2ftsconfig-utils set size:1627246 disposed:false
2359 silly placeDep node_modules/@typescript-eslint/visitor-keys eslint-visitor-keys@5.0.1 OK for: @typescript-eslint/visitor-keys@8.65.0 want: ^5.0.0
2360 silly placeDep ROOT has-bigints@1.1.0 OK for: unbox-primitive@1.1.0 want: ^1.0.2
2361 silly placeDep ROOT which-boxed-primitive@1.1.1 OK for: unbox-primitive@1.1.0 want: ^1.1.1
2362 silly fetch manifest is-bigint@^1.1.0
2363 silly packumentCache full:https://registry.npmjs.org/is-bigint cache-miss
2364 silly fetch manifest is-boolean-object@^1.2.1
2365 silly packumentCache full:https://registry.npmjs.org/is-boolean-object cache-miss
2366 silly fetch manifest is-number-object@^1.1.1
2367 silly packumentCache full:https://registry.npmjs.org/is-number-object cache-miss
2368 http fetch GET 200 https://registry.npmjs.org/is-boolean-object 36ms (cache miss)
2369 silly packumentCache full:https://registry.npmjs.org/is-boolean-object set size:undefined disposed:false
2370 http fetch GET 200 https://registry.npmjs.org/is-bigint 122ms (cache miss)
2371 silly packumentCache full:https://registry.npmjs.org/is-bigint set size:undefined disposed:false
2372 http fetch GET 200 https://registry.npmjs.org/is-number-object 247ms (cache miss)
2373 silly packumentCache full:https://registry.npmjs.org/is-number-object set size:undefined disposed:false
2374 silly placeDep ROOT @unrs/resolver-binding-android-arm-eabi@1.12.2 OK for: unrs-resolver@1.12.2 want: 1.12.2
2375 silly placeDep ROOT @unrs/resolver-binding-android-arm64@1.12.2 OK for: unrs-resolver@1.12.2 want: 1.12.2
2376 silly placeDep ROOT @unrs/resolver-binding-darwin-arm64@1.12.2 OK for: unrs-resolver@1.12.2 want: 1.12.2
2377 silly placeDep ROOT @unrs/resolver-binding-darwin-x64@1.12.2 OK for: unrs-resolver@1.12.2 want: 1.12.2
2378 silly placeDep ROOT @unrs/resolver-binding-freebsd-x64@1.12.2 OK for: unrs-resolver@1.12.2 want: 1.12.2
2379 silly placeDep ROOT @unrs/resolver-binding-linux-arm-gnueabihf@1.12.2 OK for: unrs-resolver@1.12.2 want: 1.12.2
2380 silly placeDep ROOT @unrs/resolver-binding-linux-arm-musleabihf@1.12.2 OK for: unrs-resolver@1.12.2 want: 1.12.2
2381 silly placeDep ROOT @unrs/resolver-binding-linux-arm64-gnu@1.12.2 OK for: unrs-resolver@1.12.2 want: 1.12.2
2382 silly placeDep ROOT @unrs/resolver-binding-linux-arm64-musl@1.12.2 OK for: unrs-resolver@1.12.2 want: 1.12.2
2383 silly placeDep ROOT @unrs/resolver-binding-linux-loong64-gnu@1.12.2 OK for: unrs-resolver@1.12.2 want: 1.12.2
2384 silly placeDep ROOT @unrs/resolver-binding-linux-loong64-musl@1.12.2 OK for: unrs-resolver@1.12.2 want: 1.12.2
2385 silly placeDep ROOT @unrs/resolver-binding-linux-ppc64-gnu@1.12.2 OK for: unrs-resolver@1.12.2 want: 1.12.2
2386 silly placeDep ROOT @unrs/resolver-binding-linux-riscv64-gnu@1.12.2 OK for: unrs-resolver@1.12.2 want: 1.12.2
2387 silly placeDep ROOT @unrs/resolver-binding-linux-riscv64-musl@1.12.2 OK for: unrs-resolver@1.12.2 want: 1.12.2
2388 silly placeDep ROOT @unrs/resolver-binding-linux-s390x-gnu@1.12.2 OK for: unrs-resolver@1.12.2 want: 1.12.2
2389 silly placeDep ROOT @unrs/resolver-binding-linux-x64-gnu@1.12.2 OK for: unrs-resolver@1.12.2 want: 1.12.2
2390 silly placeDep ROOT @unrs/resolver-binding-linux-x64-musl@1.12.2 OK for: unrs-resolver@1.12.2 want: 1.12.2
2391 silly placeDep ROOT @unrs/resolver-binding-openharmony-arm64@1.12.2 OK for: unrs-resolver@1.12.2 want: 1.12.2
2392 silly placeDep ROOT @unrs/resolver-binding-wasm32-wasi@1.12.2 OK for: unrs-resolver@1.12.2 want: 1.12.2
2393 silly placeDep ROOT @unrs/resolver-binding-win32-arm64-msvc@1.12.2 OK for: unrs-resolver@1.12.2 want: 1.12.2
2394 silly placeDep ROOT @unrs/resolver-binding-win32-ia32-msvc@1.12.2 OK for: unrs-resolver@1.12.2 want: 1.12.2
2395 silly placeDep ROOT @unrs/resolver-binding-win32-x64-msvc@1.12.2 OK for: unrs-resolver@1.12.2 want: 1.12.2
2396 silly placeDep ROOT napi-postinstall@0.3.4 OK for: unrs-resolver@1.12.2 want: ^0.3.4
2397 silly fetch manifest @napi-rs/wasm-runtime@^1.1.4
2398 silly packumentCache full:https://registry.npmjs.org/@napi-rs%2fwasm-runtime cache-miss
2399 silly fetch manifest @emnapi/core@1.10.0
2400 silly packumentCache full:https://registry.npmjs.org/@emnapi%2fcore cache-miss
2401 silly fetch manifest @emnapi/runtime@1.10.0
2402 silly packumentCache full:https://registry.npmjs.org/@emnapi%2fruntime cache-miss
2403 http cache https://registry.npmjs.org/@emnapi%2fruntime 21ms (cache hit)
2404 silly packumentCache full:https://registry.npmjs.org/@emnapi%2fruntime set size:122916 disposed:false
2405 http fetch GET 200 https://registry.npmjs.org/@napi-rs%2fwasm-runtime 101ms (cache miss)
2406 silly packumentCache full:https://registry.npmjs.org/@napi-rs%2fwasm-runtime set size:undefined disposed:false
2407 http fetch GET 200 https://registry.npmjs.org/@emnapi%2fcore 120ms (cache miss)
2408 silly packumentCache full:https://registry.npmjs.org/@emnapi%2fcore set size:undefined disposed:false
2409 silly placeDep ROOT @emnapi/core@1.10.0 OK for: @unrs/resolver-binding-wasm32-wasi@1.12.2 want: 1.10.0
2410 silly placeDep node_modules/@unrs/resolver-binding-wasm32-wasi @emnapi/runtime@1.10.0 OK for: @unrs/resolver-binding-wasm32-wasi@1.12.2 want: 1.10.0
2411 silly placeDep ROOT @napi-rs/wasm-runtime@1.2.1 OK for: @unrs/resolver-binding-wasm32-wasi@1.12.2 want: ^1.1.4
2412 silly fetch manifest @emnapi/wasi-threads@1.2.1
2413 silly packumentCache full:https://registry.npmjs.org/@emnapi%2fwasi-threads cache-miss
2414 silly fetch manifest @tybys/wasm-util@^0.10.3
2415 silly packumentCache full:https://registry.npmjs.org/@tybys%2fwasm-util cache-miss
2416 http fetch GET 200 https://registry.npmjs.org/@emnapi%2fwasi-threads 248ms (cache miss)
2417 silly packumentCache full:https://registry.npmjs.org/@emnapi%2fwasi-threads set size:undefined disposed:false
2418 http fetch GET 200 https://registry.npmjs.org/@tybys%2fwasm-util 352ms (cache miss)
2419 silly packumentCache full:https://registry.npmjs.org/@tybys%2fwasm-util set size:undefined disposed:false
2420 silly placeDep ROOT @emnapi/wasi-threads@1.2.1 OK for: @emnapi/core@1.10.0 want: 1.2.1
2421 silly placeDep ROOT @tybys/wasm-util@0.10.3 OK for: @napi-rs/wasm-runtime@1.2.1 want: ^0.10.3
2422 silly placeDep ROOT escalade@3.2.0 OK for: update-browserslist-db@1.2.3 want: ^3.2.0
2423 silly placeDep ROOT punycode@2.3.1 OK for: uri-js@4.4.1 want: ^2.1.0
2424 silly placeDep ROOT isexe@2.0.0 OK for: which@2.0.2 want: ^2.0.0
2425 silly placeDep ROOT is-bigint@1.1.0 OK for: which-boxed-primitive@1.1.1 want: ^1.1.0
2426 silly placeDep ROOT is-boolean-object@1.2.2 OK for: which-boxed-primitive@1.1.1 want: ^1.2.1
2427 silly placeDep ROOT is-number-object@1.1.1 OK for: which-boxed-primitive@1.1.1 want: ^1.1.1
2428 silly placeDep ROOT is-async-function@2.1.1 OK for: which-builtin-type@1.2.1 want: ^2.0.0
2429 silly placeDep ROOT is-finalizationregistry@1.1.1 OK for: which-builtin-type@1.2.1 want: ^1.1.0
2430 silly placeDep ROOT is-generator-function@1.1.2 OK for: which-builtin-type@1.2.1 want: ^1.0.10
2431 silly placeDep ROOT which-collection@1.0.2 OK for: which-builtin-type@1.2.1 want: ^1.0.2
2432 silly fetch manifest async-function@^1.0.0
2433 silly packumentCache full:https://registry.npmjs.org/async-function cache-miss
2434 silly fetch manifest generator-function@^2.0.0
2435 silly packumentCache full:https://registry.npmjs.org/generator-function cache-miss
2436 silly fetch manifest is-map@^2.0.3
2437 silly packumentCache full:https://registry.npmjs.org/is-map cache-miss
2438 silly fetch manifest is-weakmap@^2.0.2
2439 silly packumentCache full:https://registry.npmjs.org/is-weakmap cache-miss
2440 silly fetch manifest is-weakset@^2.0.3
2441 silly packumentCache full:https://registry.npmjs.org/is-weakset cache-miss
2442 http fetch GET 200 https://registry.npmjs.org/is-weakset 112ms (cache miss)
2443 silly packumentCache full:https://registry.npmjs.org/is-weakset set size:undefined disposed:false
2444 http fetch GET 200 https://registry.npmjs.org/is-map 252ms (cache miss)
2445 silly packumentCache full:https://registry.npmjs.org/is-map set size:undefined disposed:false
2446 http fetch GET 200 https://registry.npmjs.org/generator-function 253ms (cache miss)
2447 silly packumentCache full:https://registry.npmjs.org/generator-function set size:undefined disposed:false
2448 http fetch GET 200 https://registry.npmjs.org/is-weakmap 415ms (cache miss)
2449 silly packumentCache full:https://registry.npmjs.org/is-weakmap set size:undefined disposed:false
2450 http fetch GET 200 https://registry.npmjs.org/async-function 417ms (cache miss)
2451 silly packumentCache full:https://registry.npmjs.org/async-function set size:undefined disposed:false
2452 silly placeDep ROOT async-function@1.0.0 OK for: is-async-function@2.1.1 want: ^1.0.0
2453 silly placeDep ROOT generator-function@2.0.1 OK for: is-generator-function@1.1.2 want: ^2.0.0
2454 silly placeDep ROOT is-map@2.0.3 OK for: which-collection@1.0.2 want: ^2.0.3
2455 silly placeDep ROOT is-weakmap@2.0.2 OK for: which-collection@1.0.2 want: ^2.0.2
2456 silly placeDep ROOT is-weakset@2.0.4 OK for: which-collection@1.0.2 want: ^2.0.3
2457 silly placeDep node_modules/@typescript-eslint/typescript-estree brace-expansion@5.0.9 OK for: minimatch@10.2.6 want: ^5.0.8
2458 silly fetch manifest balanced-match@^4.0.2
2459 silly packumentCache full:https://registry.npmjs.org/balanced-match cache-miss
2460 http cache https://registry.npmjs.org/balanced-match 3ms (cache hit)
2461 silly packumentCache full:https://registry.npmjs.org/balanced-match set size:39082 disposed:false
2462 silly placeDep node_modules/@typescript-eslint/typescript-estree balanced-match@4.0.4 OK for: brace-expansion@5.0.9 want: ^4.0.2
2463 silly reify moves {}
2464 http cache is-weakset@https://registry.npmjs.org/is-weakset/-/is-weakset-2.0.4.tgz 0ms (cache hit)
2465 http cache is-weakmap@https://registry.npmjs.org/is-weakmap/-/is-weakmap-2.0.2.tgz 0ms (cache hit)
2466 http cache is-map@https://registry.npmjs.org/is-map/-/is-map-2.0.3.tgz 0ms (cache hit)
2467 http cache generator-function@https://registry.npmjs.org/generator-function/-/generator-function-2.0.1.tgz 0ms (cache hit)
2468 http cache which-collection@https://registry.npmjs.org/which-collection/-/which-collection-1.0.2.tgz 0ms (cache hit)
2469 http cache is-generator-function@https://registry.npmjs.org/is-generator-function/-/is-generator-function-1.1.2.tgz 0ms (cache hit)
2470 http cache is-finalizationregistry@https://registry.npmjs.org/is-finalizationregistry/-/is-finalizationregistry-1.1.1.tgz 0ms (cache hit)
2471 http cache async-function@https://registry.npmjs.org/async-function/-/async-function-1.0.0.tgz 0ms (cache hit)
2472 http cache is-number-object@https://registry.npmjs.org/is-number-object/-/is-number-object-1.1.1.tgz 0ms (cache hit)
2473 http cache is-bigint@https://registry.npmjs.org/is-bigint/-/is-bigint-1.1.0.tgz 0ms (cache hit)
2474 http cache is-async-function@https://registry.npmjs.org/is-async-function/-/is-async-function-2.1.1.tgz 0ms (cache hit)
2475 http cache is-boolean-object@https://registry.npmjs.org/is-boolean-object/-/is-boolean-object-1.2.2.tgz 0ms (cache hit)
2476 http cache punycode@https://registry.npmjs.org/punycode/-/punycode-2.3.1.tgz 0ms (cache hit)
2477 http cache isexe@https://registry.npmjs.org/isexe/-/isexe-2.0.0.tgz 0ms (cache hit)
2478 http cache escalade@https://registry.npmjs.org/escalade/-/escalade-3.2.0.tgz 0ms (cache hit)
2479 http cache @unrs/resolver-binding-win32-x64-msvc@https://registry.npmjs.org/@unrs/resolver-binding-win32-x64-msvc/-/resolver-binding-win32-x64-msvc-1.12.2.tgz 0ms (cache hit)
2480 http cache napi-postinstall@https://registry.npmjs.org/napi-postinstall/-/napi-postinstall-0.3.4.tgz 0ms (cache hit)
2481 http cache @typescript-eslint/tsconfig-utils@https://registry.npmjs.org/@typescript-eslint/tsconfig-utils/-/tsconfig-utils-8.65.0.tgz 0ms (cache hit)
2482 http cache @typescript-eslint/types@https://registry.npmjs.org/@typescript-eslint/types/-/types-8.65.0.tgz 0ms (cache hit)
2483 http cache which-boxed-primitive@https://registry.npmjs.org/which-boxed-primitive/-/which-boxed-primitive-1.1.1.tgz 0ms (cache hit)
2484 http cache has-bigints@https://registry.npmjs.org/has-bigints/-/has-bigints-1.1.0.tgz 0ms (cache hit)
2485 http cache @typescript-eslint/project-service@https://registry.npmjs.org/@typescript-eslint/project-service/-/project-service-8.65.0.tgz 0ms (cache hit)
2486 http cache ts-api-utils@https://registry.npmjs.org/ts-api-utils/-/ts-api-utils-2.5.0.tgz 0ms (cache hit)
2487 http cache @typescript-eslint/type-utils@https://registry.npmjs.org/@typescript-eslint/type-utils/-/type-utils-8.65.0.tgz 0ms (cache hit)
2488 http cache @typescript-eslint/visitor-keys@https://registry.npmjs.org/@typescript-eslint/visitor-keys/-/visitor-keys-8.65.0.tgz 0ms (cache hit)
2489 http cache @typescript-eslint/utils@https://registry.npmjs.org/@typescript-eslint/utils/-/utils-8.65.0.tgz 0ms (cache hit)
2490 http cache @typescript-eslint/scope-manager@https://registry.npmjs.org/@typescript-eslint/scope-manager/-/scope-manager-8.65.0.tgz 0ms (cache hit)
2491 http cache strip-bom@https://registry.npmjs.org/strip-bom/-/strip-bom-3.0.0.tgz 0ms (cache hit)
2492 http cache for-each@https://registry.npmjs.org/for-each/-/for-each-0.3.5.tgz 0ms (cache hit)
2493 http cache which-builtin-type@https://registry.npmjs.org/which-builtin-type/-/which-builtin-type-1.2.1.tgz 0ms (cache hit)
2494 http cache reflect.getprototypeof@https://registry.npmjs.org/reflect.getprototypeof/-/reflect.getprototypeof-1.0.10.tgz 0ms (cache hit)
2495 http cache @typescript-eslint/typescript-estree@https://registry.npmjs.org/@typescript-eslint/typescript-estree/-/typescript-estree-8.65.0.tgz 0ms (cache hit)
2496 http cache @typescript-eslint/parser@https://registry.npmjs.org/@typescript-eslint/parser/-/parser-8.65.0.tgz 0ms (cache hit)
2497 http cache minimist@https://registry.npmjs.org/minimist/-/minimist-1.2.8.tgz 0ms (cache hit)
2498 http cache @typescript-eslint/eslint-plugin@https://registry.npmjs.org/@typescript-eslint/eslint-plugin/-/eslint-plugin-8.65.0.tgz 0ms (cache hit)
2499 http cache @types/json5@https://registry.npmjs.org/@types/json5/-/json5-0.0.29.tgz 0ms (cache hit)
2500 http cache is-number@https://registry.npmjs.org/is-number/-/is-number-7.0.0.tgz 0ms (cache hit)
2501 http cache has-flag@https://registry.npmjs.org/has-flag/-/has-flag-4.0.0.tgz 0ms (cache hit)
2502 http cache client-only@https://registry.npmjs.org/client-only/-/client-only-0.0.1.tgz 0ms (cache hit)
2503 http cache side-channel-weakmap@https://registry.npmjs.org/side-channel-weakmap/-/side-channel-weakmap-1.0.2.tgz 0ms (cache hit)
2504 http cache side-channel-list@https://registry.npmjs.org/side-channel-list/-/side-channel-list-1.0.1.tgz 0ms (cache hit)
2505 http cache side-channel-map@https://registry.npmjs.org/side-channel-map/-/side-channel-map-1.0.1.tgz 0ms (cache hit)
2506 http cache @img/sharp-win32-x64@https://registry.npmjs.org/@img/sharp-win32-x64/-/sharp-win32-x64-0.34.5.tgz 0ms (cache hit)
2507 http cache detect-libc@https://registry.npmjs.org/detect-libc/-/detect-libc-2.1.2.tgz 0ms (cache hit)
2508 http cache isarray@https://registry.npmjs.org/isarray/-/isarray-2.0.5.tgz 0ms (cache hit)
2509 http cache shebang-regex@https://registry.npmjs.org/shebang-regex/-/shebang-regex-3.0.0.tgz 0ms (cache hit)
2510 http cache @img/colour@https://registry.npmjs.org/@img/colour/-/colour-1.1.0.tgz 0ms (cache hit)
2511 http cache queue-microtask@https://registry.npmjs.org/queue-microtask/-/queue-microtask-1.2.3.tgz 0ms (cache hit)
2512 http cache path-parse@https://registry.npmjs.org/path-parse/-/path-parse-1.0.7.tgz 0ms (cache hit)
2513 http cache supports-preserve-symlinks-flag@https://registry.npmjs.org/supports-preserve-symlinks-flag/-/supports-preserve-symlinks-flag-1.0.0.tgz 0ms (cache hit)
2514 http cache node-exports-info@https://registry.npmjs.org/node-exports-info/-/node-exports-info-1.6.2.tgz 0ms (cache hit)
2515 http cache scheduler@https://registry.npmjs.org/scheduler/-/scheduler-0.27.0.tgz 0ms (cache hit)
2516 http cache react-is@https://registry.npmjs.org/react-is/-/react-is-16.13.1.tgz 0ms (cache hit)
2517 http cache object-assign@https://registry.npmjs.org/object-assign/-/object-assign-4.1.1.tgz 0ms (cache hit)
2518 http cache loose-envify@https://registry.npmjs.org/loose-envify/-/loose-envify-1.4.0.tgz 0ms (cache hit)
2519 http cache source-map-js@https://registry.npmjs.org/source-map-js/-/source-map-js-1.2.1.tgz 0ms (cache hit)
2520 http cache yocto-queue@https://registry.npmjs.org/yocto-queue/-/yocto-queue-0.1.0.tgz 0ms (cache hit)
2521 http cache callsites@https://registry.npmjs.org/callsites/-/callsites-3.1.0.tgz 0ms (cache hit)
2522 http cache p-limit@https://registry.npmjs.org/p-limit/-/p-limit-3.1.0.tgz 0ms (cache hit)
2523 http cache nanoid@https://registry.npmjs.org/nanoid/-/nanoid-3.3.16.tgz 0ms (cache hit)
2524 http cache word-wrap@https://registry.npmjs.org/word-wrap/-/word-wrap-1.2.5.tgz 0ms (cache hit)
2525 http cache deep-is@https://registry.npmjs.org/deep-is/-/deep-is-0.1.4.tgz 0ms (cache hit)
2526 http cache tslib@https://registry.npmjs.org/tslib/-/tslib-2.8.1.tgz 0ms (cache hit)
2527 http cache styled-jsx@https://registry.npmjs.org/styled-jsx/-/styled-jsx-5.1.6.tgz 0ms (cache hit)
2528 http cache fast-levenshtein@https://registry.npmjs.org/fast-levenshtein/-/fast-levenshtein-2.0.6.tgz 0ms (cache hit)
2529 http cache sharp@https://registry.npmjs.org/sharp/-/sharp-0.34.5.tgz 0ms (cache hit)
2530 http cache postcss@https://registry.npmjs.org/postcss/-/postcss-8.4.31.tgz 0ms (cache hit)
2531 http cache @swc/helpers@https://registry.npmjs.org/@swc/helpers/-/helpers-0.5.15.tgz 0ms (cache hit)
2532 http cache concat-map@https://registry.npmjs.org/concat-map/-/concat-map-0.0.1.tgz 0ms (cache hit)
2533 http cache @next/swc-win32-x64-msvc@https://registry.npmjs.org/@next/swc-win32-x64-msvc/-/swc-win32-x64-msvc-16.2.12.tgz 0ms (cache hit)
2534 http cache @next/env@https://registry.npmjs.org/@next/env/-/env-16.2.12.tgz 0ms (cache hit)
2535 http cache balanced-match@https://registry.npmjs.org/balanced-match/-/balanced-match-1.0.2.tgz 0ms (cache hit)
2536 http cache brace-expansion@https://registry.npmjs.org/brace-expansion/-/brace-expansion-1.1.18.tgz 0ms (cache hit)
2537 http cache picomatch@https://registry.npmjs.org/picomatch/-/picomatch-2.3.2.tgz 0ms (cache hit)
2538 http cache fill-range@https://registry.npmjs.org/fill-range/-/fill-range-7.1.1.tgz 0ms (cache hit)
2539 http cache to-regex-range@https://registry.npmjs.org/to-regex-range/-/to-regex-range-5.0.1.tgz 0ms (cache hit)
2540 http cache braces@https://registry.npmjs.org/braces/-/braces-3.0.3.tgz 0ms (cache hit)
2541 http cache p-locate@https://registry.npmjs.org/p-locate/-/p-locate-5.0.0.tgz 0ms (cache hit)
2542 http cache yallist@https://registry.npmjs.org/yallist/-/yallist-3.1.1.tgz 0ms (cache hit)
2543 http cache type-check@https://registry.npmjs.org/type-check/-/type-check-0.4.0.tgz 0ms (cache hit)
2544 http cache prelude-ls@https://registry.npmjs.org/prelude-ls/-/prelude-ls-1.2.1.tgz 0ms (cache hit)
2545 http cache json-buffer@https://registry.npmjs.org/json-buffer/-/json-buffer-3.0.1.tgz 0ms (cache hit)
2546 http cache language-subtag-registry@https://registry.npmjs.org/language-subtag-registry/-/language-subtag-registry-0.3.23.tgz 0ms (cache hit)
2547 http cache argparse@https://registry.npmjs.org/argparse/-/argparse-2.0.1.tgz 0ms (cache hit)
2548 http cache is-extglob@https://registry.npmjs.org/is-extglob/-/is-extglob-2.1.1.tgz 0ms (cache hit)
2549 http cache set-function-name@https://registry.npmjs.org/set-function-name/-/set-function-name-2.0.2.tgz 0ms (cache hit)
2550 http cache resolve-from@https://registry.npmjs.org/resolve-from/-/resolve-from-4.0.0.tgz 0ms (cache hit)
2551 http cache parent-module@https://registry.npmjs.org/parent-module/-/parent-module-1.0.1.tgz 0ms (cache hit)
2552 http cache side-channel@https://registry.npmjs.org/side-channel/-/side-channel-1.1.1.tgz 0ms (cache hit)
2553 http cache hermes-estree@https://registry.npmjs.org/hermes-estree/-/hermes-estree-0.25.1.tgz 0ms (cache hit)
2554 http cache resolve-pkg-maps@https://registry.npmjs.org/resolve-pkg-maps/-/resolve-pkg-maps-1.0.0.tgz 0ms (cache hit)
2555 http cache dunder-proto@https://registry.npmjs.org/dunder-proto/-/dunder-proto-1.0.1.tgz 0ms (cache hit)
2556 http cache is-document.all@https://registry.npmjs.org/is-document.all/-/is-document.all-1.0.0.tgz 0ms (cache hit)
2557 http cache functions-have-names@https://registry.npmjs.org/functions-have-names/-/functions-have-names-1.2.3.tgz 0ms (cache hit)
2558 http cache flatted@https://registry.npmjs.org/flatted/-/flatted-3.4.4.tgz 0ms (cache hit)
2559 http cache path-exists@https://registry.npmjs.org/path-exists/-/path-exists-4.0.0.tgz 0ms (cache hit)
2560 http cache keyv@https://registry.npmjs.org/keyv/-/keyv-4.5.4.tgz 0ms (cache hit)
2561 http cache locate-path@https://registry.npmjs.org/locate-path/-/locate-path-6.0.0.tgz 0ms (cache hit)
2562 http cache run-parallel@https://registry.npmjs.org/run-parallel/-/run-parallel-1.2.0.tgz 0ms (cache hit)
2563 http cache flat-cache@https://registry.npmjs.org/flat-cache/-/flat-cache-4.0.1.tgz 0ms (cache hit)
2564 http cache reusify@https://registry.npmjs.org/reusify/-/reusify-1.1.0.tgz 0ms (cache hit)
2565 http cache fastq@https://registry.npmjs.org/fastq/-/fastq-1.20.1.tgz 0ms (cache hit)
2566 http cache micromatch@https://registry.npmjs.org/micromatch/-/micromatch-4.0.8.tgz 0ms (cache hit)
2567 http cache @nodelib/fs.scandir@https://registry.npmjs.org/@nodelib/fs.scandir/-/fs.scandir-2.1.5.tgz 1ms (cache hit)
2568 http cache merge2@https://registry.npmjs.org/merge2/-/merge2-1.4.1.tgz 0ms (cache hit)
2569 http cache @nodelib/fs.stat@https://registry.npmjs.org/@nodelib/fs.stat/-/fs.stat-2.0.5.tgz 0ms (cache hit)
2570 http cache acorn@https://registry.npmjs.org/acorn/-/acorn-8.18.0.tgz 0ms (cache hit)
2571 http cache @nodelib/fs.walk@https://registry.npmjs.org/@nodelib/fs.walk/-/fs.walk-1.2.8.tgz 0ms (cache hit)
2572 http cache acorn-jsx@https://registry.npmjs.org/acorn-jsx/-/acorn-jsx-5.3.2.tgz 0ms (cache hit)
2573 http cache esrecurse@https://registry.npmjs.org/esrecurse/-/esrecurse-4.3.0.tgz 0ms (cache hit)
2574 http cache update-browserslist-db@https://registry.npmjs.org/update-browserslist-db/-/update-browserslist-db-1.2.3.tgz 0ms (cache hit)
2575 http cache node-releases@https://registry.npmjs.org/node-releases/-/node-releases-2.0.51.tgz 0ms (cache hit)
2576 http cache electron-to-chromium@https://registry.npmjs.org/electron-to-chromium/-/electron-to-chromium-1.5.398.tgz 0ms (cache hit)
2577 http cache baseline-browser-mapping@https://registry.npmjs.org/baseline-browser-mapping/-/baseline-browser-mapping-2.11.8.tgz 0ms (cache hit)
2578 http cache caniuse-lite@https://registry.npmjs.org/caniuse-lite/-/caniuse-lite-1.0.30001806.tgz 0ms (cache hit)
2579 http cache @jridgewell/resolve-uri@https://registry.npmjs.org/@jridgewell/resolve-uri/-/resolve-uri-3.1.2.tgz 0ms (cache hit)
2580 http cache @jridgewell/sourcemap-codec@https://registry.npmjs.org/@jridgewell/sourcemap-codec/-/sourcemap-codec-1.5.5.tgz 0ms (cache hit)
2581 http cache @babel/helper-string-parser@https://registry.npmjs.org/@babel/helper-string-parser/-/helper-string-parser-7.29.7.tgz 0ms (cache hit)
2582 http cache @babel/helper-globals@https://registry.npmjs.org/@babel/helper-globals/-/helper-globals-7.29.7.tgz 0ms (cache hit)
2583 http cache lru-cache@https://registry.npmjs.org/lru-cache/-/lru-cache-5.1.1.tgz 0ms (cache hit)
2584 http cache @babel/helper-module-imports@https://registry.npmjs.org/@babel/helper-module-imports/-/helper-module-imports-7.29.7.tgz 0ms (cache hit)
2585 http cache @babel/helper-validator-option@https://registry.npmjs.org/@babel/helper-validator-option/-/helper-validator-option-7.29.7.tgz 0ms (cache hit)
2586 http cache browserslist@https://registry.npmjs.org/browserslist/-/browserslist-4.28.7.tgz 0ms (cache hit)
2587 http cache @babel/compat-data@https://registry.npmjs.org/@babel/compat-data/-/compat-data-7.29.7.tgz 0ms (cache hit)
2588 http cache @jridgewell/trace-mapping@https://registry.npmjs.org/@jridgewell/trace-mapping/-/trace-mapping-0.3.31.tgz 0ms (cache hit)
2589 http cache jsesc@https://registry.npmjs.org/jsesc/-/jsesc-3.1.0.tgz 0ms (cache hit)
2590 http cache picocolors@https://registry.npmjs.org/picocolors/-/picocolors-1.1.1.tgz 0ms (cache hit)
2591 http cache @jridgewell/gen-mapping@https://registry.npmjs.org/@jridgewell/gen-mapping/-/gen-mapping-0.3.13.tgz 0ms (cache hit)
2592 http cache js-tokens@https://registry.npmjs.org/js-tokens/-/js-tokens-4.0.0.tgz 0ms (cache hit)
2593 http cache @jridgewell/remapping@https://registry.npmjs.org/@jridgewell/remapping/-/remapping-2.3.5.tgz 0ms (cache hit)
2594 http cache @babel/types@https://registry.npmjs.org/@babel/types/-/types-7.29.7.tgz 0ms (cache hit)
2595 http cache @babel/helper-validator-identifier@https://registry.npmjs.org/@babel/helper-validator-identifier/-/helper-validator-identifier-7.29.7.tgz 0ms (cache hit)
2596 http cache json5@https://registry.npmjs.org/json5/-/json5-2.2.3.tgz 0ms (cache hit)
2597 http cache convert-source-map@https://registry.npmjs.org/convert-source-map/-/convert-source-map-2.0.0.tgz 0ms (cache hit)
2598 http cache gensync@https://registry.npmjs.org/gensync/-/gensync-1.0.0-beta.2.tgz 0ms (cache hit)
2599 http cache @babel/template@https://registry.npmjs.org/@babel/template/-/template-7.29.7.tgz 0ms (cache hit)
2600 http cache @babel/traverse@https://registry.npmjs.org/@babel/traverse/-/traverse-7.29.7.tgz 0ms (cache hit)
2601 http cache @babel/helpers@https://registry.npmjs.org/@babel/helpers/-/helpers-7.29.7.tgz 0ms (cache hit)
2602 http cache @babel/helper-module-transforms@https://registry.npmjs.org/@babel/helper-module-transforms/-/helper-module-transforms-7.29.7.tgz 0ms (cache hit)
2603 http cache @babel/helper-compilation-targets@https://registry.npmjs.org/@babel/helper-compilation-targets/-/helper-compilation-targets-7.29.7.tgz 0ms (cache hit)
2604 http cache @babel/generator@https://registry.npmjs.org/@babel/generator/-/generator-7.29.7.tgz 0ms (cache hit)
2605 http cache @babel/code-frame@https://registry.npmjs.org/@babel/code-frame/-/code-frame-7.29.7.tgz 0ms (cache hit)
2606 http cache zod-validation-error@https://registry.npmjs.org/zod-validation-error/-/zod-validation-error-4.0.2.tgz 0ms (cache hit)
2607 http cache @babel/parser@https://registry.npmjs.org/@babel/parser/-/parser-7.29.7.tgz 0ms (cache hit)
2608 http cache @babel/core@https://registry.npmjs.org/@babel/core/-/core-7.29.7.tgz 0ms (cache hit)
2609 http cache hermes-parser@https://registry.npmjs.org/hermes-parser/-/hermes-parser-0.25.1.tgz 0ms (cache hit)
2610 http cache iterator.prototype@https://registry.npmjs.org/iterator.prototype/-/iterator.prototype-1.1.5.tgz 0ms (cache hit)
2611 http cache zod@https://registry.npmjs.org/zod/-/zod-4.4.3.tgz 0ms (cache hit)
2612 http cache string.prototype.repeat@https://registry.npmjs.org/string.prototype.repeat/-/string.prototype.repeat-1.0.0.tgz 0ms (cache hit)
2613 http cache prop-types@https://registry.npmjs.org/prop-types/-/prop-types-15.8.1.tgz 0ms (cache hit)
2614 http cache string.prototype.matchall@https://registry.npmjs.org/string.prototype.matchall/-/string.prototype.matchall-4.0.12.tgz 0ms (cache hit)
2615 http cache object.entries@https://registry.npmjs.org/object.entries/-/object.entries-1.1.9.tgz 0ms (cache hit)
2616 http cache estraverse@https://registry.npmjs.org/estraverse/-/estraverse-5.3.0.tgz 0ms (cache hit)
2617 http cache array.prototype.tosorted@https://registry.npmjs.org/array.prototype.tosorted/-/array.prototype.tosorted-1.1.4.tgz 0ms (cache hit)
2618 http cache es-iterator-helpers@https://registry.npmjs.org/es-iterator-helpers/-/es-iterator-helpers-1.4.0.tgz 0ms (cache hit)
2619 http cache string.prototype.includes@https://registry.npmjs.org/string.prototype.includes/-/string.prototype.includes-2.0.1.tgz 0ms (cache hit)
2620 http cache language-tags@https://registry.npmjs.org/language-tags/-/language-tags-1.0.9.tgz 0ms (cache hit)
2621 http cache array.prototype.findlast@https://registry.npmjs.org/array.prototype.findlast/-/array.prototype.findlast-1.2.5.tgz 0ms (cache hit)
2622 http cache emoji-regex@https://registry.npmjs.org/emoji-regex/-/emoji-regex-9.2.2.tgz 0ms (cache hit)
2623 http cache jsx-ast-utils@https://registry.npmjs.org/jsx-ast-utils/-/jsx-ast-utils-3.3.5.tgz 0ms (cache hit)
2624 http cache damerau-levenshtein@https://registry.npmjs.org/damerau-levenshtein/-/damerau-levenshtein-1.0.8.tgz 0ms (cache hit)
2625 http cache axobject-query@https://registry.npmjs.org/axobject-query/-/axobject-query-4.1.0.tgz 0ms (cache hit)
2626 http cache axe-core@https://registry.npmjs.org/axe-core/-/axe-core-4.12.1.tgz 0ms (cache hit)
2627 http cache ast-types-flow@https://registry.npmjs.org/ast-types-flow/-/ast-types-flow-0.0.8.tgz 0ms (cache hit)
2628 http cache aria-query@https://registry.npmjs.org/aria-query/-/aria-query-5.3.2.tgz 0ms (cache hit)
2629 http cache is-symbol@https://registry.npmjs.org/is-symbol/-/is-symbol-1.1.1.tgz 0ms (cache hit)
2630 http cache is-date-object@https://registry.npmjs.org/is-date-object/-/is-date-object-1.1.0.tgz 0ms (cache hit)
2631 http cache has-tostringtag@https://registry.npmjs.org/has-tostringtag/-/has-tostringtag-1.0.2.tgz 0ms (cache hit)
2632 http cache es-abstract-get@https://registry.npmjs.org/es-abstract-get/-/es-abstract-get-1.0.0.tgz 0ms (cache hit)
2633 http cache possible-typed-array-names@https://registry.npmjs.org/possible-typed-array-names/-/possible-typed-array-names-1.1.0.tgz 0ms (cache hit)
2634 http cache which-typed-array@https://registry.npmjs.org/which-typed-array/-/which-typed-array-1.1.22.tgz 0ms (cache hit)
2635 http cache unbox-primitive@https://registry.npmjs.org/unbox-primitive/-/unbox-primitive-1.1.0.tgz 0ms (cache hit)
2636 http cache typed-array-byte-offset@https://registry.npmjs.org/typed-array-byte-offset/-/typed-array-byte-offset-1.0.4.tgz 0ms (cache hit)
2637 http cache typed-array-byte-length@https://registry.npmjs.org/typed-array-byte-length/-/typed-array-byte-length-1.0.3.tgz 0ms (cache hit)
2638 http cache typed-array-length@https://registry.npmjs.org/typed-array-length/-/typed-array-length-1.0.8.tgz 0ms (cache hit)
2639 http cache typed-array-buffer@https://registry.npmjs.org/typed-array-buffer/-/typed-array-buffer-1.0.3.tgz 0ms (cache hit)
2640 http cache string.prototype.trimstart@https://registry.npmjs.org/string.prototype.trimstart/-/string.prototype.trimstart-1.0.8.tgz 0ms (cache hit)
2641 http cache string.prototype.trim@https://registry.npmjs.org/string.prototype.trim/-/string.prototype.trim-1.2.11.tgz 0ms (cache hit)
2642 http cache set-proto@https://registry.npmjs.org/set-proto/-/set-proto-1.0.0.tgz 0ms (cache hit)
2643 http cache stop-iteration-iterator@https://registry.npmjs.org/stop-iteration-iterator/-/stop-iteration-iterator-1.1.0.tgz 0ms (cache hit)
2644 http cache safe-push-apply@https://registry.npmjs.org/safe-push-apply/-/safe-push-apply-1.0.0.tgz 0ms (cache hit)
2645 http cache safe-regex-test@https://registry.npmjs.org/safe-regex-test/-/safe-regex-test-1.1.0.tgz 0ms (cache hit)
2646 http cache safe-array-concat@https://registry.npmjs.org/safe-array-concat/-/safe-array-concat-1.1.4.tgz 0ms (cache hit)
2647 http cache own-keys@https://registry.npmjs.org/own-keys/-/own-keys-1.0.2.tgz 0ms (cache hit)
2648 http cache regexp.prototype.flags@https://registry.npmjs.org/regexp.prototype.flags/-/regexp.prototype.flags-1.5.4.tgz 0ms (cache hit)
2649 http cache object.assign@https://registry.npmjs.org/object.assign/-/object.assign-4.1.7.tgz 0ms (cache hit)
2650 http cache object-inspect@https://registry.npmjs.org/object-inspect/-/object-inspect-1.13.4.tgz 0ms (cache hit)
2651 http cache is-weakref@https://registry.npmjs.org/is-weakref/-/is-weakref-1.1.1.tgz 0ms (cache hit)
2652 http cache is-shared-array-buffer@https://registry.npmjs.org/is-shared-array-buffer/-/is-shared-array-buffer-1.0.4.tgz 0ms (cache hit)
2653 http cache is-set@https://registry.npmjs.org/is-set/-/is-set-2.0.3.tgz 0ms (cache hit)
2654 http cache is-regex@https://registry.npmjs.org/is-regex/-/is-regex-1.2.1.tgz 0ms (cache hit)
2655 http cache is-typed-array@https://registry.npmjs.org/is-typed-array/-/is-typed-array-1.1.15.tgz 0ms (cache hit)
2656 http cache is-negative-zero@https://registry.npmjs.org/is-negative-zero/-/is-negative-zero-2.0.3.tgz 0ms (cache hit)
2657 http cache is-data-view@https://registry.npmjs.org/is-data-view/-/is-data-view-1.0.2.tgz 0ms (cache hit)
2658 http cache is-callable@https://registry.npmjs.org/is-callable/-/is-callable-1.2.7.tgz 0ms (cache hit)
2659 http cache is-array-buffer@https://registry.npmjs.org/is-array-buffer/-/is-array-buffer-3.0.5.tgz 0ms (cache hit)
2660 http cache has-symbols@https://registry.npmjs.org/has-symbols/-/has-symbols-1.1.0.tgz 0ms (cache hit)
2661 http cache internal-slot@https://registry.npmjs.org/internal-slot/-/internal-slot-1.1.0.tgz 0ms (cache hit)
2662 http cache has-proto@https://registry.npmjs.org/has-proto/-/has-proto-1.2.0.tgz 0ms (cache hit)
2663 http cache get-symbol-description@https://registry.npmjs.org/get-symbol-description/-/get-symbol-description-1.1.0.tgz 0ms (cache hit)
2664 http cache get-proto@https://registry.npmjs.org/get-proto/-/get-proto-1.0.1.tgz 0ms (cache hit)
2665 http cache function.prototype.name@https://registry.npmjs.org/function.prototype.name/-/function.prototype.name-1.2.0.tgz 0ms (cache hit)
2666 http cache globalthis@https://registry.npmjs.org/globalthis/-/globalthis-1.0.4.tgz 0ms (cache hit)
2667 http cache es-to-primitive@https://registry.npmjs.org/es-to-primitive/-/es-to-primitive-1.3.4.tgz 0ms (cache hit)
2668 http cache es-set-tostringtag@https://registry.npmjs.org/es-set-tostringtag/-/es-set-tostringtag-2.1.0.tgz 0ms (cache hit)
2669 http cache data-view-byte-offset@https://registry.npmjs.org/data-view-byte-offset/-/data-view-byte-offset-1.0.1.tgz 0ms (cache hit)
2670 http cache data-view-byte-length@https://registry.npmjs.org/data-view-byte-length/-/data-view-byte-length-1.0.2.tgz 0ms (cache hit)
2671 http cache data-view-buffer@https://registry.npmjs.org/data-view-buffer/-/data-view-buffer-1.0.2.tgz 0ms (cache hit)
2672 http cache available-typed-arrays@https://registry.npmjs.org/available-typed-arrays/-/available-typed-arrays-1.0.7.tgz 0ms (cache hit)
2673 http cache arraybuffer.prototype.slice@https://registry.npmjs.org/arraybuffer.prototype.slice/-/arraybuffer.prototype.slice-1.0.4.tgz 0ms (cache hit)
2674 http cache array-buffer-byte-length@https://registry.npmjs.org/array-buffer-byte-length/-/array-buffer-byte-length-1.0.2.tgz 0ms (cache hit)
2675 http cache gopd@https://registry.npmjs.org/gopd/-/gopd-1.2.0.tgz 0ms (cache hit)
2676 http cache has-property-descriptors@https://registry.npmjs.org/has-property-descriptors/-/has-property-descriptors-1.0.2.tgz 0ms (cache hit)
2677 http cache object-keys@https://registry.npmjs.org/object-keys/-/object-keys-1.1.1.tgz 0ms (cache hit)
2678 http cache define-data-property@https://registry.npmjs.org/define-data-property/-/define-data-property-1.1.4.tgz 0ms (cache hit)
2679 http cache es-define-property@https://registry.npmjs.org/es-define-property/-/es-define-property-1.0.1.tgz 0ms (cache hit)
2680 http cache es-shim-unscopables@https://registry.npmjs.org/es-shim-unscopables/-/es-shim-unscopables-1.1.0.tgz 0ms (cache hit)
2681 http cache set-function-length@https://registry.npmjs.org/set-function-length/-/set-function-length-1.2.2.tgz 0ms (cache hit)
2682 http cache function-bind@https://registry.npmjs.org/function-bind/-/function-bind-1.1.2.tgz 0ms (cache hit)
2683 http cache call-bind-apply-helpers@https://registry.npmjs.org/call-bind-apply-helpers/-/call-bind-apply-helpers-1.0.2.tgz 0ms (cache hit)
2684 http cache es-errors@https://registry.npmjs.org/es-errors/-/es-errors-1.3.0.tgz 0ms (cache hit)
2685 http cache math-intrinsics@https://registry.npmjs.org/math-intrinsics/-/math-intrinsics-1.1.0.tgz 0ms (cache hit)
2686 http cache get-intrinsic@https://registry.npmjs.org/get-intrinsic/-/get-intrinsic-1.3.0.tgz 0ms (cache hit)
2687 http cache is-string@https://registry.npmjs.org/is-string/-/is-string-1.1.1.tgz 0ms (cache hit)
2688 http cache es-object-atoms@https://registry.npmjs.org/es-object-atoms/-/es-object-atoms-1.1.2.tgz 0ms (cache hit)
2689 http cache define-properties@https://registry.npmjs.org/define-properties/-/define-properties-1.2.1.tgz 0ms (cache hit)
2690 http cache call-bound@https://registry.npmjs.org/call-bound/-/call-bound-1.0.4.tgz 0ms (cache hit)
2691 http cache es-abstract@https://registry.npmjs.org/es-abstract/-/es-abstract-1.24.2.tgz 0ms (cache hit)
2692 http cache call-bind@https://registry.npmjs.org/call-bind/-/call-bind-1.0.9.tgz 0ms (cache hit)
2693 http cache tsconfig-paths@https://registry.npmjs.org/tsconfig-paths/-/tsconfig-paths-3.15.0.tgz 0ms (cache hit)
2694 http cache string.prototype.trimend@https://registry.npmjs.org/string.prototype.trimend/-/string.prototype.trimend-1.0.10.tgz 0ms (cache hit)
2695 http cache object.values@https://registry.npmjs.org/object.values/-/object.values-1.2.1.tgz 0ms (cache hit)
2696 http cache semver@https://registry.npmjs.org/semver/-/semver-6.3.1.tgz 0ms (cache hit)
2697 http cache object.groupby@https://registry.npmjs.org/object.groupby/-/object.groupby-1.0.3.tgz 0ms (cache hit)
2698 http cache object.fromentries@https://registry.npmjs.org/object.fromentries/-/object.fromentries-2.0.8.tgz 0ms (cache hit)
2699 http cache hasown@https://registry.npmjs.org/hasown/-/hasown-2.0.4.tgz 0ms (cache hit)
2700 http cache doctrine@https://registry.npmjs.org/doctrine/-/doctrine-2.1.0.tgz 0ms (cache hit)
2701 http cache eslint-module-utils@https://registry.npmjs.org/eslint-module-utils/-/eslint-module-utils-2.14.0.tgz 0ms (cache hit)
2702 http cache array.prototype.flatmap@https://registry.npmjs.org/array.prototype.flatmap/-/array.prototype.flatmap-1.3.3.tgz 0ms (cache hit)
2703 http cache array.prototype.flat@https://registry.npmjs.org/array.prototype.flat/-/array.prototype.flat-1.3.3.tgz 0ms (cache hit)
2704 http cache @rtsao/scc@https://registry.npmjs.org/@rtsao/scc/-/scc-1.1.0.tgz 0ms (cache hit)
2705 http cache array.prototype.findlastindex@https://registry.npmjs.org/array.prototype.findlastindex/-/array.prototype.findlastindex-1.2.6.tgz 0ms (cache hit)
2706 http cache array-includes@https://registry.npmjs.org/array-includes/-/array-includes-3.1.9.tgz 0ms (cache hit)
2707 http cache unrs-resolver@https://registry.npmjs.org/unrs-resolver/-/unrs-resolver-1.12.2.tgz 0ms (cache hit)
2708 http cache tinyglobby@https://registry.npmjs.org/tinyglobby/-/tinyglobby-0.2.17.tgz 0ms (cache hit)
2709 http cache stable-hash@https://registry.npmjs.org/stable-hash/-/stable-hash-0.0.5.tgz 0ms (cache hit)
2710 http cache is-bun-module@https://registry.npmjs.org/is-bun-module/-/is-bun-module-2.0.0.tgz 0ms (cache hit)
2711 http cache @nolyfill/is-core-module@https://registry.npmjs.org/@nolyfill/is-core-module/-/is-core-module-1.0.39.tgz 0ms (cache hit)
2712 http cache get-tsconfig@https://registry.npmjs.org/get-tsconfig/-/get-tsconfig-4.14.0.tgz 0ms (cache hit)
2713 http cache resolve@https://registry.npmjs.org/resolve/-/resolve-2.0.0-next.7.tgz 0ms (cache hit)
2714 http cache color-convert@https://registry.npmjs.org/color-convert/-/color-convert-2.0.1.tgz 0ms (cache hit)
2715 http cache is-core-module@https://registry.npmjs.org/is-core-module/-/is-core-module-2.16.2.tgz 0ms (cache hit)
2716 http cache color-name@https://registry.npmjs.org/color-name/-/color-name-1.1.4.tgz 0ms (cache hit)
2717 http cache supports-color@https://registry.npmjs.org/supports-color/-/supports-color-7.2.0.tgz 0ms (cache hit)
2718 http cache ansi-styles@https://registry.npmjs.org/ansi-styles/-/ansi-styles-4.3.0.tgz 0ms (cache hit)
2719 http cache js-yaml@https://registry.npmjs.org/js-yaml/-/js-yaml-4.3.0.tgz 0ms (cache hit)
2720 http cache strip-json-comments@https://registry.npmjs.org/strip-json-comments/-/strip-json-comments-3.1.1.tgz 0ms (cache hit)
2721 http cache @types/json-schema@https://registry.npmjs.org/@types/json-schema/-/json-schema-7.0.15.tgz 0ms (cache hit)
2722 http cache import-fresh@https://registry.npmjs.org/import-fresh/-/import-fresh-3.3.1.tgz 0ms (cache hit)
2723 http cache @eslint/object-schema@https://registry.npmjs.org/@eslint/object-schema/-/object-schema-2.1.7.tgz 0ms (cache hit)
2724 http cache lodash.merge@https://registry.npmjs.org/lodash.merge/-/lodash.merge-4.6.2.tgz 0ms (cache hit)
2725 http cache minimatch@https://registry.npmjs.org/minimatch/-/minimatch-3.1.5.tgz 0ms (cache hit)
2726 http cache espree@https://registry.npmjs.org/espree/-/espree-10.4.0.tgz 0ms (cache hit)
2727 http cache eslint-visitor-keys@https://registry.npmjs.org/eslint-visitor-keys/-/eslint-visitor-keys-4.2.1.tgz 0ms (cache hit)
2728 http cache eslint-scope@https://registry.npmjs.org/eslint-scope/-/eslint-scope-8.4.0.tgz 0ms (cache hit)
2729 http cache chalk@https://registry.npmjs.org/chalk/-/chalk-4.1.2.tgz 0ms (cache hit)
2730 http cache @eslint/plugin-kit@https://registry.npmjs.org/@eslint/plugin-kit/-/plugin-kit-0.4.1.tgz 0ms (cache hit)
2731 http cache @eslint/js@https://registry.npmjs.org/@eslint/js/-/js-9.39.5.tgz 0ms (cache hit)
2732 http cache @eslint/eslintrc@https://registry.npmjs.org/@eslint/eslintrc/-/eslintrc-3.3.6.tgz 0ms (cache hit)
2733 http cache @types/estree@https://registry.npmjs.org/@types/estree/-/estree-1.0.9.tgz 0ms (cache hit)
2734 http cache @eslint/core@https://registry.npmjs.org/@eslint/core/-/core-0.17.0.tgz 0ms (cache hit)
2735 http cache @eslint/config-helpers@https://registry.npmjs.org/@eslint/config-helpers/-/config-helpers-0.4.2.tgz 0ms (cache hit)
2736 http cache fast-glob@https://registry.npmjs.org/fast-glob/-/fast-glob-3.3.1.tgz 0ms (cache hit)
2737 http cache @eslint/config-array@https://registry.npmjs.org/@eslint/config-array/-/config-array-0.21.2.tgz 0ms (cache hit)
2738 http cache typescript@https://registry.npmjs.org/typescript/-/typescript-6.0.3.tgz 0ms (cache hit)
2739 http cache typescript-eslint@https://registry.npmjs.org/typescript-eslint/-/typescript-eslint-8.65.0.tgz 0ms (cache hit)
2740 http cache globals@https://registry.npmjs.org/globals/-/globals-16.4.0.tgz 0ms (cache hit)
2741 http cache eslint-plugin-jsx-a11y@https://registry.npmjs.org/eslint-plugin-jsx-a11y/-/eslint-plugin-jsx-a11y-6.10.2.tgz 0ms (cache hit)
2742 http cache eslint-plugin-react-hooks@https://registry.npmjs.org/eslint-plugin-react-hooks/-/eslint-plugin-react-hooks-7.1.1.tgz 0ms (cache hit)
2743 http cache eslint-plugin-react@https://registry.npmjs.org/eslint-plugin-react/-/eslint-plugin-react-7.37.5.tgz 0ms (cache hit)
2744 http cache eslint@https://registry.npmjs.org/eslint/-/eslint-9.39.5.tgz 0ms (cache hit)
2745 http cache eslint-plugin-import@https://registry.npmjs.org/eslint-plugin-import/-/eslint-plugin-import-2.32.0.tgz 0ms (cache hit)
2746 http cache eslint-import-resolver-typescript@https://registry.npmjs.org/eslint-import-resolver-typescript/-/eslint-import-resolver-typescript-3.10.1.tgz 0ms (cache hit)
2747 http cache eslint-import-resolver-node@https://registry.npmjs.org/eslint-import-resolver-node/-/eslint-import-resolver-node-0.3.10.tgz 0ms (cache hit)
2748 http cache ms@https://registry.npmjs.org/ms/-/ms-2.1.3.tgz 0ms (cache hit)
2749 http cache @next/eslint-plugin-next@https://registry.npmjs.org/@next/eslint-plugin-next/-/eslint-plugin-next-16.2.12.tgz 0ms (cache hit)
2750 http cache which@https://registry.npmjs.org/which/-/which-2.0.2.tgz 0ms (cache hit)
2751 http cache path-key@https://registry.npmjs.org/path-key/-/path-key-3.1.1.tgz 0ms (cache hit)
2752 http cache shebang-command@https://registry.npmjs.org/shebang-command/-/shebang-command-2.0.0.tgz 0ms (cache hit)
2753 http cache json-schema-traverse@https://registry.npmjs.org/json-schema-traverse/-/json-schema-traverse-0.4.1.tgz 0ms (cache hit)
2754 http cache uri-js@https://registry.npmjs.org/uri-js/-/uri-js-4.4.1.tgz 0ms (cache hit)
2755 http cache fast-json-stable-stringify@https://registry.npmjs.org/fast-json-stable-stringify/-/fast-json-stable-stringify-2.1.0.tgz 0ms (cache hit)
2756 http cache @humanfs/types@https://registry.npmjs.org/@humanfs/types/-/types-0.15.0.tgz 0ms (cache hit)
2757 http cache @humanfs/core@https://registry.npmjs.org/@humanfs/core/-/core-0.19.2.tgz 0ms (cache hit)
2758 http cache optionator@https://registry.npmjs.org/optionator/-/optionator-0.9.4.tgz 0ms (cache hit)
2759 http cache levn@https://registry.npmjs.org/levn/-/levn-0.4.1.tgz 0ms (cache hit)
2760 http cache is-glob@https://registry.npmjs.org/is-glob/-/is-glob-4.0.3.tgz 0ms (cache hit)
2761 http cache natural-compare@https://registry.npmjs.org/natural-compare/-/natural-compare-1.4.0.tgz 0ms (cache hit)
2762 http cache json-stable-stringify-without-jsonify@https://registry.npmjs.org/json-stable-stringify-without-jsonify/-/json-stable-stringify-without-jsonify-1.0.1.tgz 0ms (cache hit)
2763 http cache ignore@https://registry.npmjs.org/ignore/-/ignore-5.3.2.tgz 0ms (cache hit)
2764 http cache imurmurhash@https://registry.npmjs.org/imurmurhash/-/imurmurhash-0.1.4.tgz 0ms (cache hit)
2765 http cache glob-parent@https://registry.npmjs.org/glob-parent/-/glob-parent-6.0.2.tgz 0ms (cache hit)
2766 http cache find-up@https://registry.npmjs.org/find-up/-/find-up-5.0.0.tgz 0ms (cache hit)
2767 http cache fast-deep-equal@https://registry.npmjs.org/fast-deep-equal/-/fast-deep-equal-3.1.3.tgz 0ms (cache hit)
2768 http cache file-entry-cache@https://registry.npmjs.org/file-entry-cache/-/file-entry-cache-8.0.0.tgz 0ms (cache hit)
2769 http cache debug@https://registry.npmjs.org/debug/-/debug-4.4.3.tgz 0ms (cache hit)
2770 http cache esutils@https://registry.npmjs.org/esutils/-/esutils-2.0.3.tgz 0ms (cache hit)
2771 http cache esquery@https://registry.npmjs.org/esquery/-/esquery-1.7.0.tgz 0ms (cache hit)
2772 http cache @humanwhocodes/retry@https://registry.npmjs.org/@humanwhocodes/retry/-/retry-0.4.3.tgz 0ms (cache hit)
2773 http cache @humanwhocodes/module-importer@https://registry.npmjs.org/@humanwhocodes/module-importer/-/module-importer-1.0.1.tgz 0ms (cache hit)
2774 http cache cross-spawn@https://registry.npmjs.org/cross-spawn/-/cross-spawn-7.0.6.tgz 0ms (cache hit)
2775 http cache ajv@https://registry.npmjs.org/ajv/-/ajv-6.15.0.tgz 0ms (cache hit)
2776 http cache escape-string-regexp@https://registry.npmjs.org/escape-string-regexp/-/escape-string-regexp-4.0.0.tgz 0ms (cache hit)
2777 http cache @humanfs/node@https://registry.npmjs.org/@humanfs/node/-/node-0.16.8.tgz 0ms (cache hit)
2778 http cache @eslint-community/eslint-utils@https://registry.npmjs.org/@eslint-community/eslint-utils/-/eslint-utils-4.10.1.tgz 0ms (cache hit)
2779 http cache csstype@https://registry.npmjs.org/csstype/-/csstype-3.2.3.tgz 0ms (cache hit)
2780 http cache @eslint-community/regexpp@https://registry.npmjs.org/@eslint-community/regexpp/-/regexpp-4.12.2.tgz 0ms (cache hit)
2781 http cache undici-types@https://registry.npmjs.org/undici-types/-/undici-types-8.3.0.tgz 0ms (cache hit)
2782 http cache react@https://registry.npmjs.org/react/-/react-19.2.8.tgz 0ms (cache hit)
2783 http cache eslint-config-next@https://registry.npmjs.org/eslint-config-next/-/eslint-config-next-16.2.12.tgz 0ms (cache hit)
2784 http cache next@https://registry.npmjs.org/next/-/next-16.2.12.tgz 0ms (cache hit)
2785 http cache react-dom@https://registry.npmjs.org/react-dom/-/react-dom-19.2.8.tgz 0ms (cache hit)
2786 http cache @types/react-dom@https://registry.npmjs.org/@types/react-dom/-/react-dom-19.2.4.tgz 0ms (cache hit)
2787 http cache @types/node@https://registry.npmjs.org/@types/node/-/node-26.1.2.tgz 0ms (cache hit)
2788 http cache eslint-visitor-keys@https://registry.npmjs.org/eslint-visitor-keys/-/eslint-visitor-keys-5.0.1.tgz 0ms (cache hit)
2789 http cache balanced-match@https://registry.npmjs.org/balanced-match/-/balanced-match-4.0.4.tgz 0ms (cache hit)
2790 http cache @types/react@https://registry.npmjs.org/@types/react/-/react-19.2.18.tgz 0ms (cache hit)
2791 http cache ignore@https://registry.npmjs.org/ignore/-/ignore-7.0.6.tgz 0ms (cache hit)
2792 http cache semver@https://registry.npmjs.org/semver/-/semver-7.8.5.tgz 0ms (cache hit)
2793 http cache brace-expansion@https://registry.npmjs.org/brace-expansion/-/brace-expansion-5.0.9.tgz 0ms (cache hit)
2794 http cache minimatch@https://registry.npmjs.org/minimatch/-/minimatch-10.2.6.tgz 0ms (cache hit)
2795 http cache json5@https://registry.npmjs.org/json5/-/json5-1.0.2.tgz 0ms (cache hit)
2796 http cache debug@https://registry.npmjs.org/debug/-/debug-3.2.7.tgz 0ms (cache hit)
2797 http cache semver@https://registry.npmjs.org/semver/-/semver-7.8.5.tgz 0ms (cache hit)
2798 http cache fdir@https://registry.npmjs.org/fdir/-/fdir-6.5.0.tgz 0ms (cache hit)
2799 http cache picomatch@https://registry.npmjs.org/picomatch/-/picomatch-4.0.5.tgz 0ms (cache hit)
2800 http cache globals@https://registry.npmjs.org/globals/-/globals-14.0.0.tgz 0ms (cache hit)
2801 http cache semver@https://registry.npmjs.org/semver/-/semver-7.8.5.tgz 0ms (cache hit)
2802 http cache debug@https://registry.npmjs.org/debug/-/debug-3.2.7.tgz 0ms (cache hit)
2803 http cache glob-parent@https://registry.npmjs.org/glob-parent/-/glob-parent-5.1.2.tgz 0ms (cache hit)
2804 http cache debug@https://registry.npmjs.org/debug/-/debug-3.2.7.tgz 0ms (cache hit)
2805 http cache eslint-visitor-keys@https://registry.npmjs.org/eslint-visitor-keys/-/eslint-visitor-keys-3.4.3.tgz 0ms (cache hit)
2806 silly tarball no local data for is-weakset@https://registry.npmjs.org/is-weakset/-/is-weakset-2.0.4.tgz. Extracting by manifest.
2807 silly tarball no local data for is-weakmap@https://registry.npmjs.org/is-weakmap/-/is-weakmap-2.0.2.tgz. Extracting by manifest.
2808 silly tarball no local data for generator-function@https://registry.npmjs.org/generator-function/-/generator-function-2.0.1.tgz. Extracting by manifest.
2809 silly tarball no local data for which-collection@https://registry.npmjs.org/which-collection/-/which-collection-1.0.2.tgz. Extracting by manifest.
2810 silly tarball no local data for is-map@https://registry.npmjs.org/is-map/-/is-map-2.0.3.tgz. Extracting by manifest.
2811 silly tarball no local data for is-generator-function@https://registry.npmjs.org/is-generator-function/-/is-generator-function-1.1.2.tgz. Extracting by manifest.
2812 silly tarball no local data for is-finalizationregistry@https://registry.npmjs.org/is-finalizationregistry/-/is-finalizationregistry-1.1.1.tgz. Extracting by manifest.
2813 silly tarball no local data for is-number-object@https://registry.npmjs.org/is-number-object/-/is-number-object-1.1.1.tgz. Extracting by manifest.
2814 silly tarball no local data for async-function@https://registry.npmjs.org/async-function/-/async-function-1.0.0.tgz. Extracting by manifest.
2815 silly tarball no local data for is-bigint@https://registry.npmjs.org/is-bigint/-/is-bigint-1.1.0.tgz. Extracting by manifest.
2816 silly tarball no local data for is-async-function@https://registry.npmjs.org/is-async-function/-/is-async-function-2.1.1.tgz. Extracting by manifest.
2817 silly tarball no local data for is-boolean-object@https://registry.npmjs.org/is-boolean-object/-/is-boolean-object-1.2.2.tgz. Extracting by manifest.
2818 silly tarball no local data for punycode@https://registry.npmjs.org/punycode/-/punycode-2.3.1.tgz. Extracting by manifest.
2819 silly tarball no local data for isexe@https://registry.npmjs.org/isexe/-/isexe-2.0.0.tgz. Extracting by manifest.
2820 silly tarball no local data for escalade@https://registry.npmjs.org/escalade/-/escalade-3.2.0.tgz. Extracting by manifest.
2821 silly tarball no local data for @unrs/resolver-binding-win32-x64-msvc@https://registry.npmjs.org/@unrs/resolver-binding-win32-x64-msvc/-/resolver-binding-win32-x64-msvc-1.12.2.tgz. Extracting by manifest.
2822 silly tarball no local data for napi-postinstall@https://registry.npmjs.org/napi-postinstall/-/napi-postinstall-0.3.4.tgz. Extracting by manifest.
2823 silly tarball no local data for @typescript-eslint/tsconfig-utils@https://registry.npmjs.org/@typescript-eslint/tsconfig-utils/-/tsconfig-utils-8.65.0.tgz. Extracting by manifest.
2824 silly tarball no local data for @typescript-eslint/types@https://registry.npmjs.org/@typescript-eslint/types/-/types-8.65.0.tgz. Extracting by manifest.
2825 silly tarball no local data for which-boxed-primitive@https://registry.npmjs.org/which-boxed-primitive/-/which-boxed-primitive-1.1.1.tgz. Extracting by manifest.
2826 silly tarball no local data for has-bigints@https://registry.npmjs.org/has-bigints/-/has-bigints-1.1.0.tgz. Extracting by manifest.
2827 silly tarball no local data for @typescript-eslint/project-service@https://registry.npmjs.org/@typescript-eslint/project-service/-/project-service-8.65.0.tgz. Extracting by manifest.
2828 silly tarball no local data for ts-api-utils@https://registry.npmjs.org/ts-api-utils/-/ts-api-utils-2.5.0.tgz. Extracting by manifest.
2829 silly tarball no local data for @typescript-eslint/type-utils@https://registry.npmjs.org/@typescript-eslint/type-utils/-/type-utils-8.65.0.tgz. Extracting by manifest.
2830 silly tarball no local data for @typescript-eslint/visitor-keys@https://registry.npmjs.org/@typescript-eslint/visitor-keys/-/visitor-keys-8.65.0.tgz. Extracting by manifest.
2831 silly tarball no local data for @typescript-eslint/utils@https://registry.npmjs.org/@typescript-eslint/utils/-/utils-8.65.0.tgz. Extracting by manifest.
2832 silly tarball no local data for @typescript-eslint/scope-manager@https://registry.npmjs.org/@typescript-eslint/scope-manager/-/scope-manager-8.65.0.tgz. Extracting by manifest.
2833 silly tarball no local data for strip-bom@https://registry.npmjs.org/strip-bom/-/strip-bom-3.0.0.tgz. Extracting by manifest.
2834 silly tarball no local data for for-each@https://registry.npmjs.org/for-each/-/for-each-0.3.5.tgz. Extracting by manifest.
2835 silly tarball no local data for which-builtin-type@https://registry.npmjs.org/which-builtin-type/-/which-builtin-type-1.2.1.tgz. Extracting by manifest.
2836 silly tarball no local data for reflect.getprototypeof@https://registry.npmjs.org/reflect.getprototypeof/-/reflect.getprototypeof-1.0.10.tgz. Extracting by manifest.
2837 silly tarball no local data for @typescript-eslint/typescript-estree@https://registry.npmjs.org/@typescript-eslint/typescript-estree/-/typescript-estree-8.65.0.tgz. Extracting by manifest.
2838 silly tarball no local data for @typescript-eslint/parser@https://registry.npmjs.org/@typescript-eslint/parser/-/parser-8.65.0.tgz. Extracting by manifest.
2839 silly tarball no local data for minimist@https://registry.npmjs.org/minimist/-/minimist-1.2.8.tgz. Extracting by manifest.
2840 silly tarball no local data for @typescript-eslint/eslint-plugin@https://registry.npmjs.org/@typescript-eslint/eslint-plugin/-/eslint-plugin-8.65.0.tgz. Extracting by manifest.
2841 silly tarball no local data for @types/json5@https://registry.npmjs.org/@types/json5/-/json5-0.0.29.tgz. Extracting by manifest.
2842 silly tarball no local data for is-number@https://registry.npmjs.org/is-number/-/is-number-7.0.0.tgz. Extracting by manifest.
2843 silly tarball no local data for has-flag@https://registry.npmjs.org/has-flag/-/has-flag-4.0.0.tgz. Extracting by manifest.
2844 silly tarball no local data for client-only@https://registry.npmjs.org/client-only/-/client-only-0.0.1.tgz. Extracting by manifest.
2845 silly tarball no local data for side-channel-weakmap@https://registry.npmjs.org/side-channel-weakmap/-/side-channel-weakmap-1.0.2.tgz. Extracting by manifest.
2846 silly tarball no local data for side-channel-list@https://registry.npmjs.org/side-channel-list/-/side-channel-list-1.0.1.tgz. Extracting by manifest.
2847 silly tarball no local data for side-channel-map@https://registry.npmjs.org/side-channel-map/-/side-channel-map-1.0.1.tgz. Extracting by manifest.
2848 silly tarball no local data for @img/sharp-win32-x64@https://registry.npmjs.org/@img/sharp-win32-x64/-/sharp-win32-x64-0.34.5.tgz. Extracting by manifest.
2849 silly tarball no local data for detect-libc@https://registry.npmjs.org/detect-libc/-/detect-libc-2.1.2.tgz. Extracting by manifest.
2850 silly tarball no local data for isarray@https://registry.npmjs.org/isarray/-/isarray-2.0.5.tgz. Extracting by manifest.
2851 silly tarball no local data for shebang-regex@https://registry.npmjs.org/shebang-regex/-/shebang-regex-3.0.0.tgz. Extracting by manifest.
2852 silly tarball no local data for @img/colour@https://registry.npmjs.org/@img/colour/-/colour-1.1.0.tgz. Extracting by manifest.
2853 silly tarball no local data for queue-microtask@https://registry.npmjs.org/queue-microtask/-/queue-microtask-1.2.3.tgz. Extracting by manifest.
2854 silly tarball no local data for path-parse@https://registry.npmjs.org/path-parse/-/path-parse-1.0.7.tgz. Extracting by manifest.
2855 silly tarball no local data for supports-preserve-symlinks-flag@https://registry.npmjs.org/supports-preserve-symlinks-flag/-/supports-preserve-symlinks-flag-1.0.0.tgz. Extracting by manifest.
2856 silly tarball no local data for node-exports-info@https://registry.npmjs.org/node-exports-info/-/node-exports-info-1.6.2.tgz. Extracting by manifest.
2857 silly tarball no local data for scheduler@https://registry.npmjs.org/scheduler/-/scheduler-0.27.0.tgz. Extracting by manifest.
2858 silly tarball no local data for react-is@https://registry.npmjs.org/react-is/-/react-is-16.13.1.tgz. Extracting by manifest.
2859 silly tarball no local data for object-assign@https://registry.npmjs.org/object-assign/-/object-assign-4.1.1.tgz. Extracting by manifest.
2860 silly tarball no local data for loose-envify@https://registry.npmjs.org/loose-envify/-/loose-envify-1.4.0.tgz. Extracting by manifest.
2861 silly tarball no local data for source-map-js@https://registry.npmjs.org/source-map-js/-/source-map-js-1.2.1.tgz. Extracting by manifest.
2862 silly tarball no local data for yocto-queue@https://registry.npmjs.org/yocto-queue/-/yocto-queue-0.1.0.tgz. Extracting by manifest.
2863 silly tarball no local data for callsites@https://registry.npmjs.org/callsites/-/callsites-3.1.0.tgz. Extracting by manifest.
2864 silly tarball no local data for p-limit@https://registry.npmjs.org/p-limit/-/p-limit-3.1.0.tgz. Extracting by manifest.
2865 silly tarball no local data for nanoid@https://registry.npmjs.org/nanoid/-/nanoid-3.3.16.tgz. Extracting by manifest.
2866 silly tarball no local data for word-wrap@https://registry.npmjs.org/word-wrap/-/word-wrap-1.2.5.tgz. Extracting by manifest.
2867 silly tarball no local data for deep-is@https://registry.npmjs.org/deep-is/-/deep-is-0.1.4.tgz. Extracting by manifest.
2868 silly tarball no local data for tslib@https://registry.npmjs.org/tslib/-/tslib-2.8.1.tgz. Extracting by manifest.
2869 silly tarball no local data for styled-jsx@https://registry.npmjs.org/styled-jsx/-/styled-jsx-5.1.6.tgz. Extracting by manifest.
2870 silly tarball no local data for fast-levenshtein@https://registry.npmjs.org/fast-levenshtein/-/fast-levenshtein-2.0.6.tgz. Extracting by manifest.
2871 silly tarball no local data for sharp@https://registry.npmjs.org/sharp/-/sharp-0.34.5.tgz. Extracting by manifest.
2872 silly tarball no local data for postcss@https://registry.npmjs.org/postcss/-/postcss-8.4.31.tgz. Extracting by manifest.
2873 silly tarball no local data for @swc/helpers@https://registry.npmjs.org/@swc/helpers/-/helpers-0.5.15.tgz. Extracting by manifest.
2874 silly tarball no local data for concat-map@https://registry.npmjs.org/concat-map/-/concat-map-0.0.1.tgz. Extracting by manifest.
2875 silly tarball no local data for @next/swc-win32-x64-msvc@https://registry.npmjs.org/@next/swc-win32-x64-msvc/-/swc-win32-x64-msvc-16.2.12.tgz. Extracting by manifest.
2876 silly tarball no local data for @next/env@https://registry.npmjs.org/@next/env/-/env-16.2.12.tgz. Extracting by manifest.
2877 silly tarball no local data for balanced-match@https://registry.npmjs.org/balanced-match/-/balanced-match-1.0.2.tgz. Extracting by manifest.
2878 silly tarball no local data for brace-expansion@https://registry.npmjs.org/brace-expansion/-/brace-expansion-1.1.18.tgz. Extracting by manifest.
2879 silly tarball no local data for picomatch@https://registry.npmjs.org/picomatch/-/picomatch-2.3.2.tgz. Extracting by manifest.
2880 silly tarball no local data for fill-range@https://registry.npmjs.org/fill-range/-/fill-range-7.1.1.tgz. Extracting by manifest.
2881 silly tarball no local data for to-regex-range@https://registry.npmjs.org/to-regex-range/-/to-regex-range-5.0.1.tgz. Extracting by manifest.
2882 silly tarball no local data for braces@https://registry.npmjs.org/braces/-/braces-3.0.3.tgz. Extracting by manifest.
2883 silly tarball no local data for p-locate@https://registry.npmjs.org/p-locate/-/p-locate-5.0.0.tgz. Extracting by manifest.
2884 silly tarball no local data for yallist@https://registry.npmjs.org/yallist/-/yallist-3.1.1.tgz. Extracting by manifest.
2885 silly tarball no local data for type-check@https://registry.npmjs.org/type-check/-/type-check-0.4.0.tgz. Extracting by manifest.
2886 silly tarball no local data for prelude-ls@https://registry.npmjs.org/prelude-ls/-/prelude-ls-1.2.1.tgz. Extracting by manifest.
2887 silly tarball no local data for json-buffer@https://registry.npmjs.org/json-buffer/-/json-buffer-3.0.1.tgz. Extracting by manifest.
2888 silly tarball no local data for language-subtag-registry@https://registry.npmjs.org/language-subtag-registry/-/language-subtag-registry-0.3.23.tgz. Extracting by manifest.
2889 silly tarball no local data for argparse@https://registry.npmjs.org/argparse/-/argparse-2.0.1.tgz. Extracting by manifest.
2890 silly tarball no local data for is-extglob@https://registry.npmjs.org/is-extglob/-/is-extglob-2.1.1.tgz. Extracting by manifest.
2891 silly tarball no local data for set-function-name@https://registry.npmjs.org/set-function-name/-/set-function-name-2.0.2.tgz. Extracting by manifest.
2892 silly tarball no local data for resolve-from@https://registry.npmjs.org/resolve-from/-/resolve-from-4.0.0.tgz. Extracting by manifest.
2893 silly tarball no local data for parent-module@https://registry.npmjs.org/parent-module/-/parent-module-1.0.1.tgz. Extracting by manifest.
2894 silly tarball no local data for side-channel@https://registry.npmjs.org/side-channel/-/side-channel-1.1.1.tgz. Extracting by manifest.
2895 silly tarball no local data for hermes-estree@https://registry.npmjs.org/hermes-estree/-/hermes-estree-0.25.1.tgz. Extracting by manifest.
2896 silly tarball no local data for resolve-pkg-maps@https://registry.npmjs.org/resolve-pkg-maps/-/resolve-pkg-maps-1.0.0.tgz. Extracting by manifest.
2897 silly tarball no local data for dunder-proto@https://registry.npmjs.org/dunder-proto/-/dunder-proto-1.0.1.tgz. Extracting by manifest.
2898 silly tarball no local data for is-document.all@https://registry.npmjs.org/is-document.all/-/is-document.all-1.0.0.tgz. Extracting by manifest.
2899 silly tarball no local data for functions-have-names@https://registry.npmjs.org/functions-have-names/-/functions-have-names-1.2.3.tgz. Extracting by manifest.
2900 silly tarball no local data for flatted@https://registry.npmjs.org/flatted/-/flatted-3.4.4.tgz. Extracting by manifest.
2901 silly tarball no local data for path-exists@https://registry.npmjs.org/path-exists/-/path-exists-4.0.0.tgz. Extracting by manifest.
2902 silly tarball no local data for keyv@https://registry.npmjs.org/keyv/-/keyv-4.5.4.tgz. Extracting by manifest.
2903 silly tarball no local data for locate-path@https://registry.npmjs.org/locate-path/-/locate-path-6.0.0.tgz. Extracting by manifest.
2904 silly tarball no local data for run-parallel@https://registry.npmjs.org/run-parallel/-/run-parallel-1.2.0.tgz. Extracting by manifest.
2905 silly tarball no local data for flat-cache@https://registry.npmjs.org/flat-cache/-/flat-cache-4.0.1.tgz. Extracting by manifest.
2906 silly tarball no local data for reusify@https://registry.npmjs.org/reusify/-/reusify-1.1.0.tgz. Extracting by manifest.
2907 silly tarball no local data for fastq@https://registry.npmjs.org/fastq/-/fastq-1.20.1.tgz. Extracting by manifest.
2908 silly tarball no local data for micromatch@https://registry.npmjs.org/micromatch/-/micromatch-4.0.8.tgz. Extracting by manifest.
2909 silly tarball no local data for @nodelib/fs.scandir@https://registry.npmjs.org/@nodelib/fs.scandir/-/fs.scandir-2.1.5.tgz. Extracting by manifest.
2910 silly tarball no local data for merge2@https://registry.npmjs.org/merge2/-/merge2-1.4.1.tgz. Extracting by manifest.
2911 silly tarball no local data for @nodelib/fs.stat@https://registry.npmjs.org/@nodelib/fs.stat/-/fs.stat-2.0.5.tgz. Extracting by manifest.
2912 silly tarball no local data for acorn@https://registry.npmjs.org/acorn/-/acorn-8.18.0.tgz. Extracting by manifest.
2913 silly tarball no local data for @nodelib/fs.walk@https://registry.npmjs.org/@nodelib/fs.walk/-/fs.walk-1.2.8.tgz. Extracting by manifest.
2914 silly tarball no local data for acorn-jsx@https://registry.npmjs.org/acorn-jsx/-/acorn-jsx-5.3.2.tgz. Extracting by manifest.
2915 silly tarball no local data for esrecurse@https://registry.npmjs.org/esrecurse/-/esrecurse-4.3.0.tgz. Extracting by manifest.
2916 silly tarball no local data for update-browserslist-db@https://registry.npmjs.org/update-browserslist-db/-/update-browserslist-db-1.2.3.tgz. Extracting by manifest.
2917 silly tarball no local data for node-releases@https://registry.npmjs.org/node-releases/-/node-releases-2.0.51.tgz. Extracting by manifest.
2918 silly tarball no local data for electron-to-chromium@https://registry.npmjs.org/electron-to-chromium/-/electron-to-chromium-1.5.398.tgz. Extracting by manifest.
2919 silly tarball no local data for baseline-browser-mapping@https://registry.npmjs.org/baseline-browser-mapping/-/baseline-browser-mapping-2.11.8.tgz. Extracting by manifest.
2920 silly tarball no local data for caniuse-lite@https://registry.npmjs.org/caniuse-lite/-/caniuse-lite-1.0.30001806.tgz. Extracting by manifest.
2921 silly tarball no local data for @jridgewell/resolve-uri@https://registry.npmjs.org/@jridgewell/resolve-uri/-/resolve-uri-3.1.2.tgz. Extracting by manifest.
2922 silly tarball no local data for @jridgewell/sourcemap-codec@https://registry.npmjs.org/@jridgewell/sourcemap-codec/-/sourcemap-codec-1.5.5.tgz. Extracting by manifest.
2923 silly tarball no local data for @babel/helper-string-parser@https://registry.npmjs.org/@babel/helper-string-parser/-/helper-string-parser-7.29.7.tgz. Extracting by manifest.
2924 silly tarball no local data for @babel/helper-globals@https://registry.npmjs.org/@babel/helper-globals/-/helper-globals-7.29.7.tgz. Extracting by manifest.
2925 silly tarball no local data for lru-cache@https://registry.npmjs.org/lru-cache/-/lru-cache-5.1.1.tgz. Extracting by manifest.
2926 silly tarball no local data for @babel/helper-module-imports@https://registry.npmjs.org/@babel/helper-module-imports/-/helper-module-imports-7.29.7.tgz. Extracting by manifest.
2927 silly tarball no local data for @babel/helper-validator-option@https://registry.npmjs.org/@babel/helper-validator-option/-/helper-validator-option-7.29.7.tgz. Extracting by manifest.
2928 silly tarball no local data for browserslist@https://registry.npmjs.org/browserslist/-/browserslist-4.28.7.tgz. Extracting by manifest.
2929 silly tarball no local data for @babel/compat-data@https://registry.npmjs.org/@babel/compat-data/-/compat-data-7.29.7.tgz. Extracting by manifest.
2930 silly tarball no local data for @jridgewell/trace-mapping@https://registry.npmjs.org/@jridgewell/trace-mapping/-/trace-mapping-0.3.31.tgz. Extracting by manifest.
2931 silly tarball no local data for jsesc@https://registry.npmjs.org/jsesc/-/jsesc-3.1.0.tgz. Extracting by manifest.
2932 silly tarball no local data for picocolors@https://registry.npmjs.org/picocolors/-/picocolors-1.1.1.tgz. Extracting by manifest.
2933 silly tarball no local data for @jridgewell/gen-mapping@https://registry.npmjs.org/@jridgewell/gen-mapping/-/gen-mapping-0.3.13.tgz. Extracting by manifest.
2934 silly tarball no local data for js-tokens@https://registry.npmjs.org/js-tokens/-/js-tokens-4.0.0.tgz. Extracting by manifest.
2935 silly tarball no local data for @jridgewell/remapping@https://registry.npmjs.org/@jridgewell/remapping/-/remapping-2.3.5.tgz. Extracting by manifest.
2936 silly tarball no local data for @babel/types@https://registry.npmjs.org/@babel/types/-/types-7.29.7.tgz. Extracting by manifest.
2937 silly tarball no local data for @babel/helper-validator-identifier@https://registry.npmjs.org/@babel/helper-validator-identifier/-/helper-validator-identifier-7.29.7.tgz. Extracting by manifest.
2938 silly tarball no local data for json5@https://registry.npmjs.org/json5/-/json5-2.2.3.tgz. Extracting by manifest.
2939 silly tarball no local data for convert-source-map@https://registry.npmjs.org/convert-source-map/-/convert-source-map-2.0.0.tgz. Extracting by manifest.
2940 silly tarball no local data for gensync@https://registry.npmjs.org/gensync/-/gensync-1.0.0-beta.2.tgz. Extracting by manifest.
2941 silly tarball no local data for @babel/template@https://registry.npmjs.org/@babel/template/-/template-7.29.7.tgz. Extracting by manifest.
2942 silly tarball no local data for @babel/traverse@https://registry.npmjs.org/@babel/traverse/-/traverse-7.29.7.tgz. Extracting by manifest.
2943 silly tarball no local data for @babel/helpers@https://registry.npmjs.org/@babel/helpers/-/helpers-7.29.7.tgz. Extracting by manifest.
2944 silly tarball no local data for @babel/helper-module-transforms@https://registry.npmjs.org/@babel/helper-module-transforms/-/helper-module-transforms-7.29.7.tgz. Extracting by manifest.
2945 silly tarball no local data for @babel/helper-compilation-targets@https://registry.npmjs.org/@babel/helper-compilation-targets/-/helper-compilation-targets-7.29.7.tgz. Extracting by manifest.
2946 silly tarball no local data for @babel/generator@https://registry.npmjs.org/@babel/generator/-/generator-7.29.7.tgz. Extracting by manifest.
2947 silly tarball no local data for @babel/code-frame@https://registry.npmjs.org/@babel/code-frame/-/code-frame-7.29.7.tgz. Extracting by manifest.
2948 silly tarball no local data for zod-validation-error@https://registry.npmjs.org/zod-validation-error/-/zod-validation-error-4.0.2.tgz. Extracting by manifest.
2949 silly tarball no local data for @babel/parser@https://registry.npmjs.org/@babel/parser/-/parser-7.29.7.tgz. Extracting by manifest.
2950 silly tarball no local data for @babel/core@https://registry.npmjs.org/@babel/core/-/core-7.29.7.tgz. Extracting by manifest.
2951 silly tarball no local data for hermes-parser@https://registry.npmjs.org/hermes-parser/-/hermes-parser-0.25.1.tgz. Extracting by manifest.
2952 silly tarball no local data for iterator.prototype@https://registry.npmjs.org/iterator.prototype/-/iterator.prototype-1.1.5.tgz. Extracting by manifest.
2953 silly tarball no local data for zod@https://registry.npmjs.org/zod/-/zod-4.4.3.tgz. Extracting by manifest.
2954 silly tarball no local data for string.prototype.repeat@https://registry.npmjs.org/string.prototype.repeat/-/string.prototype.repeat-1.0.0.tgz. Extracting by manifest.
2955 silly tarball no local data for prop-types@https://registry.npmjs.org/prop-types/-/prop-types-15.8.1.tgz. Extracting by manifest.
2956 silly tarball no local data for string.prototype.matchall@https://registry.npmjs.org/string.prototype.matchall/-/string.prototype.matchall-4.0.12.tgz. Extracting by manifest.
2957 silly tarball no local data for object.entries@https://registry.npmjs.org/object.entries/-/object.entries-1.1.9.tgz. Extracting by manifest.
2958 silly tarball no local data for estraverse@https://registry.npmjs.org/estraverse/-/estraverse-5.3.0.tgz. Extracting by manifest.
2959 silly tarball no local data for array.prototype.tosorted@https://registry.npmjs.org/array.prototype.tosorted/-/array.prototype.tosorted-1.1.4.tgz. Extracting by manifest.
2960 silly tarball no local data for es-iterator-helpers@https://registry.npmjs.org/es-iterator-helpers/-/es-iterator-helpers-1.4.0.tgz. Extracting by manifest.
2961 silly tarball no local data for string.prototype.includes@https://registry.npmjs.org/string.prototype.includes/-/string.prototype.includes-2.0.1.tgz. Extracting by manifest.
2962 silly tarball no local data for language-tags@https://registry.npmjs.org/language-tags/-/language-tags-1.0.9.tgz. Extracting by manifest.
2963 silly tarball no local data for array.prototype.findlast@https://registry.npmjs.org/array.prototype.findlast/-/array.prototype.findlast-1.2.5.tgz. Extracting by manifest.
2964 silly tarball no local data for emoji-regex@https://registry.npmjs.org/emoji-regex/-/emoji-regex-9.2.2.tgz. Extracting by manifest.
2965 silly tarball no local data for jsx-ast-utils@https://registry.npmjs.org/jsx-ast-utils/-/jsx-ast-utils-3.3.5.tgz. Extracting by manifest.
2966 silly tarball no local data for damerau-levenshtein@https://registry.npmjs.org/damerau-levenshtein/-/damerau-levenshtein-1.0.8.tgz. Extracting by manifest.
2967 silly tarball no local data for axobject-query@https://registry.npmjs.org/axobject-query/-/axobject-query-4.1.0.tgz. Extracting by manifest.
2968 silly tarball no local data for axe-core@https://registry.npmjs.org/axe-core/-/axe-core-4.12.1.tgz. Extracting by manifest.
2969 silly tarball no local data for ast-types-flow@https://registry.npmjs.org/ast-types-flow/-/ast-types-flow-0.0.8.tgz. Extracting by manifest.
2970 silly tarball no local data for aria-query@https://registry.npmjs.org/aria-query/-/aria-query-5.3.2.tgz. Extracting by manifest.
2971 silly tarball no local data for is-symbol@https://registry.npmjs.org/is-symbol/-/is-symbol-1.1.1.tgz. Extracting by manifest.
2972 silly tarball no local data for is-date-object@https://registry.npmjs.org/is-date-object/-/is-date-object-1.1.0.tgz. Extracting by manifest.
2973 silly tarball no local data for has-tostringtag@https://registry.npmjs.org/has-tostringtag/-/has-tostringtag-1.0.2.tgz. Extracting by manifest.
2974 silly tarball no local data for es-abstract-get@https://registry.npmjs.org/es-abstract-get/-/es-abstract-get-1.0.0.tgz. Extracting by manifest.
2975 silly tarball no local data for possible-typed-array-names@https://registry.npmjs.org/possible-typed-array-names/-/possible-typed-array-names-1.1.0.tgz. Extracting by manifest.
2976 silly tarball no local data for which-typed-array@https://registry.npmjs.org/which-typed-array/-/which-typed-array-1.1.22.tgz. Extracting by manifest.
2977 silly tarball no local data for unbox-primitive@https://registry.npmjs.org/unbox-primitive/-/unbox-primitive-1.1.0.tgz. Extracting by manifest.
2978 silly tarball no local data for typed-array-byte-offset@https://registry.npmjs.org/typed-array-byte-offset/-/typed-array-byte-offset-1.0.4.tgz. Extracting by manifest.
2979 silly tarball no local data for typed-array-byte-length@https://registry.npmjs.org/typed-array-byte-length/-/typed-array-byte-length-1.0.3.tgz. Extracting by manifest.
2980 silly tarball no local data for typed-array-length@https://registry.npmjs.org/typed-array-length/-/typed-array-length-1.0.8.tgz. Extracting by manifest.
2981 silly tarball no local data for typed-array-buffer@https://registry.npmjs.org/typed-array-buffer/-/typed-array-buffer-1.0.3.tgz. Extracting by manifest.
2982 silly tarball no local data for string.prototype.trimstart@https://registry.npmjs.org/string.prototype.trimstart/-/string.prototype.trimstart-1.0.8.tgz. Extracting by manifest.
2983 silly tarball no local data for string.prototype.trim@https://registry.npmjs.org/string.prototype.trim/-/string.prototype.trim-1.2.11.tgz. Extracting by manifest.
2984 silly tarball no local data for set-proto@https://registry.npmjs.org/set-proto/-/set-proto-1.0.0.tgz. Extracting by manifest.
2985 silly tarball no local data for stop-iteration-iterator@https://registry.npmjs.org/stop-iteration-iterator/-/stop-iteration-iterator-1.1.0.tgz. Extracting by manifest.
2986 silly tarball no local data for safe-push-apply@https://registry.npmjs.org/safe-push-apply/-/safe-push-apply-1.0.0.tgz. Extracting by manifest.
2987 silly tarball no local data for safe-regex-test@https://registry.npmjs.org/safe-regex-test/-/safe-regex-test-1.1.0.tgz. Extracting by manifest.
2988 silly tarball no local data for safe-array-concat@https://registry.npmjs.org/safe-array-concat/-/safe-array-concat-1.1.4.tgz. Extracting by manifest.
2989 silly tarball no local data for own-keys@https://registry.npmjs.org/own-keys/-/own-keys-1.0.2.tgz. Extracting by manifest.
2990 silly tarball no local data for regexp.prototype.flags@https://registry.npmjs.org/regexp.prototype.flags/-/regexp.prototype.flags-1.5.4.tgz. Extracting by manifest.
2991 silly tarball no local data for object.assign@https://registry.npmjs.org/object.assign/-/object.assign-4.1.7.tgz. Extracting by manifest.
2992 silly tarball no local data for object-inspect@https://registry.npmjs.org/object-inspect/-/object-inspect-1.13.4.tgz. Extracting by manifest.
2993 silly tarball no local data for is-weakref@https://registry.npmjs.org/is-weakref/-/is-weakref-1.1.1.tgz. Extracting by manifest.
2994 silly tarball no local data for is-shared-array-buffer@https://registry.npmjs.org/is-shared-array-buffer/-/is-shared-array-buffer-1.0.4.tgz. Extracting by manifest.
2995 silly tarball no local data for is-set@https://registry.npmjs.org/is-set/-/is-set-2.0.3.tgz. Extracting by manifest.
2996 silly tarball no local data for is-regex@https://registry.npmjs.org/is-regex/-/is-regex-1.2.1.tgz. Extracting by manifest.
2997 silly tarball no local data for is-typed-array@https://registry.npmjs.org/is-typed-array/-/is-typed-array-1.1.15.tgz. Extracting by manifest.
2998 silly tarball no local data for is-negative-zero@https://registry.npmjs.org/is-negative-zero/-/is-negative-zero-2.0.3.tgz. Extracting by manifest.
2999 silly tarball no local data for is-data-view@https://registry.npmjs.org/is-data-view/-/is-data-view-1.0.2.tgz. Extracting by manifest.
3000 silly tarball no local data for is-callable@https://registry.npmjs.org/is-callable/-/is-callable-1.2.7.tgz. Extracting by manifest.
3001 silly tarball no local data for is-array-buffer@https://registry.npmjs.org/is-array-buffer/-/is-array-buffer-3.0.5.tgz. Extracting by manifest.
3002 silly tarball no local data for has-symbols@https://registry.npmjs.org/has-symbols/-/has-symbols-1.1.0.tgz. Extracting by manifest.
3003 silly tarball no local data for internal-slot@https://registry.npmjs.org/internal-slot/-/internal-slot-1.1.0.tgz. Extracting by manifest.
3004 silly tarball no local data for has-proto@https://registry.npmjs.org/has-proto/-/has-proto-1.2.0.tgz. Extracting by manifest.
3005 silly tarball no local data for get-symbol-description@https://registry.npmjs.org/get-symbol-description/-/get-symbol-description-1.1.0.tgz. Extracting by manifest.
3006 silly tarball no local data for get-proto@https://registry.npmjs.org/get-proto/-/get-proto-1.0.1.tgz. Extracting by manifest.
3007 silly tarball no local data for function.prototype.name@https://registry.npmjs.org/function.prototype.name/-/function.prototype.name-1.2.0.tgz. Extracting by manifest.
3008 silly tarball no local data for globalthis@https://registry.npmjs.org/globalthis/-/globalthis-1.0.4.tgz. Extracting by manifest.
3009 silly tarball no local data for es-to-primitive@https://registry.npmjs.org/es-to-primitive/-/es-to-primitive-1.3.4.tgz. Extracting by manifest.
3010 silly tarball no local data for es-set-tostringtag@https://registry.npmjs.org/es-set-tostringtag/-/es-set-tostringtag-2.1.0.tgz. Extracting by manifest.
3011 silly tarball no local data for data-view-byte-offset@https://registry.npmjs.org/data-view-byte-offset/-/data-view-byte-offset-1.0.1.tgz. Extracting by manifest.
3012 silly tarball no local data for data-view-byte-length@https://registry.npmjs.org/data-view-byte-length/-/data-view-byte-length-1.0.2.tgz. Extracting by manifest.
3013 silly tarball no local data for data-view-buffer@https://registry.npmjs.org/data-view-buffer/-/data-view-buffer-1.0.2.tgz. Extracting by manifest.
3014 silly tarball no local data for available-typed-arrays@https://registry.npmjs.org/available-typed-arrays/-/available-typed-arrays-1.0.7.tgz. Extracting by manifest.
3015 silly tarball no local data for arraybuffer.prototype.slice@https://registry.npmjs.org/arraybuffer.prototype.slice/-/arraybuffer.prototype.slice-1.0.4.tgz. Extracting by manifest.
3016 silly tarball no local data for array-buffer-byte-length@https://registry.npmjs.org/array-buffer-byte-length/-/array-buffer-byte-length-1.0.2.tgz. Extracting by manifest.
3017 silly tarball no local data for gopd@https://registry.npmjs.org/gopd/-/gopd-1.2.0.tgz. Extracting by manifest.
3018 silly tarball no local data for has-property-descriptors@https://registry.npmjs.org/has-property-descriptors/-/has-property-descriptors-1.0.2.tgz. Extracting by manifest.
3019 silly tarball no local data for object-keys@https://registry.npmjs.org/object-keys/-/object-keys-1.1.1.tgz. Extracting by manifest.
3020 silly tarball no local data for define-data-property@https://registry.npmjs.org/define-data-property/-/define-data-property-1.1.4.tgz. Extracting by manifest.
3021 silly tarball no local data for es-define-property@https://registry.npmjs.org/es-define-property/-/es-define-property-1.0.1.tgz. Extracting by manifest.
3022 silly tarball no local data for es-shim-unscopables@https://registry.npmjs.org/es-shim-unscopables/-/es-shim-unscopables-1.1.0.tgz. Extracting by manifest.
3023 silly tarball no local data for set-function-length@https://registry.npmjs.org/set-function-length/-/set-function-length-1.2.2.tgz. Extracting by manifest.
3024 silly tarball no local data for function-bind@https://registry.npmjs.org/function-bind/-/function-bind-1.1.2.tgz. Extracting by manifest.
3025 silly tarball no local data for call-bind-apply-helpers@https://registry.npmjs.org/call-bind-apply-helpers/-/call-bind-apply-helpers-1.0.2.tgz. Extracting by manifest.
3026 silly tarball no local data for es-errors@https://registry.npmjs.org/es-errors/-/es-errors-1.3.0.tgz. Extracting by manifest.
3027 silly tarball no local data for math-intrinsics@https://registry.npmjs.org/math-intrinsics/-/math-intrinsics-1.1.0.tgz. Extracting by manifest.
3028 silly tarball no local data for get-intrinsic@https://registry.npmjs.org/get-intrinsic/-/get-intrinsic-1.3.0.tgz. Extracting by manifest.
3029 silly tarball no local data for is-string@https://registry.npmjs.org/is-string/-/is-string-1.1.1.tgz. Extracting by manifest.
3030 silly tarball no local data for es-object-atoms@https://registry.npmjs.org/es-object-atoms/-/es-object-atoms-1.1.2.tgz. Extracting by manifest.
3031 silly tarball no local data for define-properties@https://registry.npmjs.org/define-properties/-/define-properties-1.2.1.tgz. Extracting by manifest.
3032 silly tarball no local data for call-bound@https://registry.npmjs.org/call-bound/-/call-bound-1.0.4.tgz. Extracting by manifest.
3033 silly tarball no local data for es-abstract@https://registry.npmjs.org/es-abstract/-/es-abstract-1.24.2.tgz. Extracting by manifest.
3034 silly tarball no local data for call-bind@https://registry.npmjs.org/call-bind/-/call-bind-1.0.9.tgz. Extracting by manifest.
3035 silly tarball no local data for tsconfig-paths@https://registry.npmjs.org/tsconfig-paths/-/tsconfig-paths-3.15.0.tgz. Extracting by manifest.
3036 silly tarball no local data for string.prototype.trimend@https://registry.npmjs.org/string.prototype.trimend/-/string.prototype.trimend-1.0.10.tgz. Extracting by manifest.
3037 silly tarball no local data for object.values@https://registry.npmjs.org/object.values/-/object.values-1.2.1.tgz. Extracting by manifest.
3038 silly tarball no local data for semver@https://registry.npmjs.org/semver/-/semver-6.3.1.tgz. Extracting by manifest.
3039 silly tarball no local data for object.groupby@https://registry.npmjs.org/object.groupby/-/object.groupby-1.0.3.tgz. Extracting by manifest.
3040 silly tarball no local data for object.fromentries@https://registry.npmjs.org/object.fromentries/-/object.fromentries-2.0.8.tgz. Extracting by manifest.
3041 silly tarball no local data for hasown@https://registry.npmjs.org/hasown/-/hasown-2.0.4.tgz. Extracting by manifest.
3042 silly tarball no local data for doctrine@https://registry.npmjs.org/doctrine/-/doctrine-2.1.0.tgz. Extracting by manifest.
3043 silly tarball no local data for eslint-module-utils@https://registry.npmjs.org/eslint-module-utils/-/eslint-module-utils-2.14.0.tgz. Extracting by manifest.
3044 silly tarball no local data for array.prototype.flatmap@https://registry.npmjs.org/array.prototype.flatmap/-/array.prototype.flatmap-1.3.3.tgz. Extracting by manifest.
3045 silly tarball no local data for array.prototype.flat@https://registry.npmjs.org/array.prototype.flat/-/array.prototype.flat-1.3.3.tgz. Extracting by manifest.
3046 silly tarball no local data for @rtsao/scc@https://registry.npmjs.org/@rtsao/scc/-/scc-1.1.0.tgz. Extracting by manifest.
3047 silly tarball no local data for array.prototype.findlastindex@https://registry.npmjs.org/array.prototype.findlastindex/-/array.prototype.findlastindex-1.2.6.tgz. Extracting by manifest.
3048 silly tarball no local data for array-includes@https://registry.npmjs.org/array-includes/-/array-includes-3.1.9.tgz. Extracting by manifest.
3049 silly tarball no local data for unrs-resolver@https://registry.npmjs.org/unrs-resolver/-/unrs-resolver-1.12.2.tgz. Extracting by manifest.
3050 silly tarball no local data for tinyglobby@https://registry.npmjs.org/tinyglobby/-/tinyglobby-0.2.17.tgz. Extracting by manifest.
3051 silly tarball no local data for stable-hash@https://registry.npmjs.org/stable-hash/-/stable-hash-0.0.5.tgz. Extracting by manifest.
3052 silly tarball no local data for is-bun-module@https://registry.npmjs.org/is-bun-module/-/is-bun-module-2.0.0.tgz. Extracting by manifest.
3053 silly tarball no local data for @nolyfill/is-core-module@https://registry.npmjs.org/@nolyfill/is-core-module/-/is-core-module-1.0.39.tgz. Extracting by manifest.
3054 silly tarball no local data for get-tsconfig@https://registry.npmjs.org/get-tsconfig/-/get-tsconfig-4.14.0.tgz. Extracting by manifest.
3055 silly tarball no local data for resolve@https://registry.npmjs.org/resolve/-/resolve-2.0.0-next.7.tgz. Extracting by manifest.
3056 silly tarball no local data for color-convert@https://registry.npmjs.org/color-convert/-/color-convert-2.0.1.tgz. Extracting by manifest.
3057 silly tarball no local data for is-core-module@https://registry.npmjs.org/is-core-module/-/is-core-module-2.16.2.tgz. Extracting by manifest.
3058 silly tarball no local data for color-name@https://registry.npmjs.org/color-name/-/color-name-1.1.4.tgz. Extracting by manifest.
3059 silly tarball no local data for supports-color@https://registry.npmjs.org/supports-color/-/supports-color-7.2.0.tgz. Extracting by manifest.
3060 silly tarball no local data for ansi-styles@https://registry.npmjs.org/ansi-styles/-/ansi-styles-4.3.0.tgz. Extracting by manifest.
3061 silly tarball no local data for js-yaml@https://registry.npmjs.org/js-yaml/-/js-yaml-4.3.0.tgz. Extracting by manifest.
3062 silly tarball no local data for strip-json-comments@https://registry.npmjs.org/strip-json-comments/-/strip-json-comments-3.1.1.tgz. Extracting by manifest.
3063 silly tarball no local data for @types/json-schema@https://registry.npmjs.org/@types/json-schema/-/json-schema-7.0.15.tgz. Extracting by manifest.
3064 silly tarball no local data for import-fresh@https://registry.npmjs.org/import-fresh/-/import-fresh-3.3.1.tgz. Extracting by manifest.
3065 silly tarball no local data for @eslint/object-schema@https://registry.npmjs.org/@eslint/object-schema/-/object-schema-2.1.7.tgz. Extracting by manifest.
3066 silly tarball no local data for lodash.merge@https://registry.npmjs.org/lodash.merge/-/lodash.merge-4.6.2.tgz. Extracting by manifest.
3067 silly tarball no local data for minimatch@https://registry.npmjs.org/minimatch/-/minimatch-3.1.5.tgz. Extracting by manifest.
3068 silly tarball no local data for espree@https://registry.npmjs.org/espree/-/espree-10.4.0.tgz. Extracting by manifest.
3069 silly tarball no local data for eslint-visitor-keys@https://registry.npmjs.org/eslint-visitor-keys/-/eslint-visitor-keys-4.2.1.tgz. Extracting by manifest.
3070 silly tarball no local data for eslint-scope@https://registry.npmjs.org/eslint-scope/-/eslint-scope-8.4.0.tgz. Extracting by manifest.
3071 silly tarball no local data for chalk@https://registry.npmjs.org/chalk/-/chalk-4.1.2.tgz. Extracting by manifest.
3072 silly tarball no local data for @eslint/plugin-kit@https://registry.npmjs.org/@eslint/plugin-kit/-/plugin-kit-0.4.1.tgz. Extracting by manifest.
3073 silly tarball no local data for @eslint/js@https://registry.npmjs.org/@eslint/js/-/js-9.39.5.tgz. Extracting by manifest.
3074 silly tarball no local data for @eslint/eslintrc@https://registry.npmjs.org/@eslint/eslintrc/-/eslintrc-3.3.6.tgz. Extracting by manifest.
3075 silly tarball no local data for @types/estree@https://registry.npmjs.org/@types/estree/-/estree-1.0.9.tgz. Extracting by manifest.
3076 silly tarball no local data for @eslint/core@https://registry.npmjs.org/@eslint/core/-/core-0.17.0.tgz. Extracting by manifest.
3077 silly tarball no local data for @eslint/config-helpers@https://registry.npmjs.org/@eslint/config-helpers/-/config-helpers-0.4.2.tgz. Extracting by manifest.
3078 silly tarball no local data for fast-glob@https://registry.npmjs.org/fast-glob/-/fast-glob-3.3.1.tgz. Extracting by manifest.
3079 silly tarball no local data for @eslint/config-array@https://registry.npmjs.org/@eslint/config-array/-/config-array-0.21.2.tgz. Extracting by manifest.
3080 silly tarball no local data for typescript@https://registry.npmjs.org/typescript/-/typescript-6.0.3.tgz. Extracting by manifest.
3081 silly tarball no local data for typescript-eslint@https://registry.npmjs.org/typescript-eslint/-/typescript-eslint-8.65.0.tgz. Extracting by manifest.
3082 silly tarball no local data for globals@https://registry.npmjs.org/globals/-/globals-16.4.0.tgz. Extracting by manifest.
3083 silly tarball no local data for eslint-plugin-jsx-a11y@https://registry.npmjs.org/eslint-plugin-jsx-a11y/-/eslint-plugin-jsx-a11y-6.10.2.tgz. Extracting by manifest.
3084 silly tarball no local data for eslint-plugin-react-hooks@https://registry.npmjs.org/eslint-plugin-react-hooks/-/eslint-plugin-react-hooks-7.1.1.tgz. Extracting by manifest.
3085 silly tarball no local data for eslint-plugin-react@https://registry.npmjs.org/eslint-plugin-react/-/eslint-plugin-react-7.37.5.tgz. Extracting by manifest.
3086 silly tarball no local data for eslint@https://registry.npmjs.org/eslint/-/eslint-9.39.5.tgz. Extracting by manifest.
3087 silly tarball no local data for eslint-plugin-import@https://registry.npmjs.org/eslint-plugin-import/-/eslint-plugin-import-2.32.0.tgz. Extracting by manifest.
3088 silly tarball no local data for eslint-import-resolver-typescript@https://registry.npmjs.org/eslint-import-resolver-typescript/-/eslint-import-resolver-typescript-3.10.1.tgz. Extracting by manifest.
3089 silly tarball no local data for eslint-import-resolver-node@https://registry.npmjs.org/eslint-import-resolver-node/-/eslint-import-resolver-node-0.3.10.tgz. Extracting by manifest.
3090 silly tarball no local data for ms@https://registry.npmjs.org/ms/-/ms-2.1.3.tgz. Extracting by manifest.
3091 silly tarball no local data for @next/eslint-plugin-next@https://registry.npmjs.org/@next/eslint-plugin-next/-/eslint-plugin-next-16.2.12.tgz. Extracting by manifest.
3092 silly tarball no local data for which@https://registry.npmjs.org/which/-/which-2.0.2.tgz. Extracting by manifest.
3093 silly tarball no local data for path-key@https://registry.npmjs.org/path-key/-/path-key-3.1.1.tgz. Extracting by manifest.
3094 silly tarball no local data for shebang-command@https://registry.npmjs.org/shebang-command/-/shebang-command-2.0.0.tgz. Extracting by manifest.
3095 silly tarball no local data for json-schema-traverse@https://registry.npmjs.org/json-schema-traverse/-/json-schema-traverse-0.4.1.tgz. Extracting by manifest.
3096 silly tarball no local data for uri-js@https://registry.npmjs.org/uri-js/-/uri-js-4.4.1.tgz. Extracting by manifest.
3097 silly tarball no local data for fast-json-stable-stringify@https://registry.npmjs.org/fast-json-stable-stringify/-/fast-json-stable-stringify-2.1.0.tgz. Extracting by manifest.
3098 silly tarball no local data for @humanfs/types@https://registry.npmjs.org/@humanfs/types/-/types-0.15.0.tgz. Extracting by manifest.
3099 silly tarball no local data for @humanfs/core@https://registry.npmjs.org/@humanfs/core/-/core-0.19.2.tgz. Extracting by manifest.
3100 silly tarball no local data for optionator@https://registry.npmjs.org/optionator/-/optionator-0.9.4.tgz. Extracting by manifest.
3101 silly tarball no local data for levn@https://registry.npmjs.org/levn/-/levn-0.4.1.tgz. Extracting by manifest.
3102 silly tarball no local data for is-glob@https://registry.npmjs.org/is-glob/-/is-glob-4.0.3.tgz. Extracting by manifest.
3103 silly tarball no local data for natural-compare@https://registry.npmjs.org/natural-compare/-/natural-compare-1.4.0.tgz. Extracting by manifest.
3104 silly tarball no local data for json-stable-stringify-without-jsonify@https://registry.npmjs.org/json-stable-stringify-without-jsonify/-/json-stable-stringify-without-jsonify-1.0.1.tgz. Extracting by manifest.
3105 silly tarball no local data for ignore@https://registry.npmjs.org/ignore/-/ignore-5.3.2.tgz. Extracting by manifest.
3106 silly tarball no local data for imurmurhash@https://registry.npmjs.org/imurmurhash/-/imurmurhash-0.1.4.tgz. Extracting by manifest.
3107 silly tarball no local data for glob-parent@https://registry.npmjs.org/glob-parent/-/glob-parent-6.0.2.tgz. Extracting by manifest.
3108 silly tarball no local data for find-up@https://registry.npmjs.org/find-up/-/find-up-5.0.0.tgz. Extracting by manifest.
3109 silly tarball no local data for fast-deep-equal@https://registry.npmjs.org/fast-deep-equal/-/fast-deep-equal-3.1.3.tgz. Extracting by manifest.
3110 silly tarball no local data for file-entry-cache@https://registry.npmjs.org/file-entry-cache/-/file-entry-cache-8.0.0.tgz. Extracting by manifest.
3111 silly tarball no local data for debug@https://registry.npmjs.org/debug/-/debug-4.4.3.tgz. Extracting by manifest.
3112 silly tarball no local data for esutils@https://registry.npmjs.org/esutils/-/esutils-2.0.3.tgz. Extracting by manifest.
3113 silly tarball no local data for esquery@https://registry.npmjs.org/esquery/-/esquery-1.7.0.tgz. Extracting by manifest.
3114 silly tarball no local data for @humanwhocodes/retry@https://registry.npmjs.org/@humanwhocodes/retry/-/retry-0.4.3.tgz. Extracting by manifest.
3115 silly tarball no local data for @humanwhocodes/module-importer@https://registry.npmjs.org/@humanwhocodes/module-importer/-/module-importer-1.0.1.tgz. Extracting by manifest.
3116 silly tarball no local data for cross-spawn@https://registry.npmjs.org/cross-spawn/-/cross-spawn-7.0.6.tgz. Extracting by manifest.
3117 silly tarball no local data for ajv@https://registry.npmjs.org/ajv/-/ajv-6.15.0.tgz. Extracting by manifest.
3118 silly tarball no local data for escape-string-regexp@https://registry.npmjs.org/escape-string-regexp/-/escape-string-regexp-4.0.0.tgz. Extracting by manifest.
3119 silly tarball no local data for @humanfs/node@https://registry.npmjs.org/@humanfs/node/-/node-0.16.8.tgz. Extracting by manifest.
3120 silly tarball no local data for @eslint-community/eslint-utils@https://registry.npmjs.org/@eslint-community/eslint-utils/-/eslint-utils-4.10.1.tgz. Extracting by manifest.
3121 silly tarball no local data for csstype@https://registry.npmjs.org/csstype/-/csstype-3.2.3.tgz. Extracting by manifest.
3122 silly tarball no local data for @eslint-community/regexpp@https://registry.npmjs.org/@eslint-community/regexpp/-/regexpp-4.12.2.tgz. Extracting by manifest.
3123 silly tarball no local data for undici-types@https://registry.npmjs.org/undici-types/-/undici-types-8.3.0.tgz. Extracting by manifest.
3124 silly tarball no local data for react@https://registry.npmjs.org/react/-/react-19.2.8.tgz. Extracting by manifest.
3125 silly tarball no local data for eslint-config-next@https://registry.npmjs.org/eslint-config-next/-/eslint-config-next-16.2.12.tgz. Extracting by manifest.
3126 silly tarball no local data for next@https://registry.npmjs.org/next/-/next-16.2.12.tgz. Extracting by manifest.
3127 silly tarball no local data for react-dom@https://registry.npmjs.org/react-dom/-/react-dom-19.2.8.tgz. Extracting by manifest.
3128 silly tarball no local data for @types/react-dom@https://registry.npmjs.org/@types/react-dom/-/react-dom-19.2.4.tgz. Extracting by manifest.
3129 silly tarball no local data for @types/node@https://registry.npmjs.org/@types/node/-/node-26.1.2.tgz. Extracting by manifest.
3130 silly tarball no local data for eslint-visitor-keys@https://registry.npmjs.org/eslint-visitor-keys/-/eslint-visitor-keys-5.0.1.tgz. Extracting by manifest.
3131 silly tarball no local data for balanced-match@https://registry.npmjs.org/balanced-match/-/balanced-match-4.0.4.tgz. Extracting by manifest.
3132 silly tarball no local data for @types/react@https://registry.npmjs.org/@types/react/-/react-19.2.18.tgz. Extracting by manifest.
3133 silly tarball no local data for ignore@https://registry.npmjs.org/ignore/-/ignore-7.0.6.tgz. Extracting by manifest.
3134 silly tarball no local data for semver@https://registry.npmjs.org/semver/-/semver-7.8.5.tgz. Extracting by manifest.
3135 silly tarball no local data for brace-expansion@https://registry.npmjs.org/brace-expansion/-/brace-expansion-5.0.9.tgz. Extracting by manifest.
3136 silly tarball no local data for minimatch@https://registry.npmjs.org/minimatch/-/minimatch-10.2.6.tgz. Extracting by manifest.
3137 silly tarball no local data for json5@https://registry.npmjs.org/json5/-/json5-1.0.2.tgz. Extracting by manifest.
3138 silly tarball no local data for debug@https://registry.npmjs.org/debug/-/debug-3.2.7.tgz. Extracting by manifest.
3139 silly tarball no local data for semver@https://registry.npmjs.org/semver/-/semver-7.8.5.tgz. Extracting by manifest.
3140 silly tarball no local data for fdir@https://registry.npmjs.org/fdir/-/fdir-6.5.0.tgz. Extracting by manifest.
3141 silly tarball no local data for picomatch@https://registry.npmjs.org/picomatch/-/picomatch-4.0.5.tgz. Extracting by manifest.
3142 silly tarball no local data for globals@https://registry.npmjs.org/globals/-/globals-14.0.0.tgz. Extracting by manifest.
3143 silly tarball no local data for semver@https://registry.npmjs.org/semver/-/semver-7.8.5.tgz. Extracting by manifest.
3144 silly tarball no local data for debug@https://registry.npmjs.org/debug/-/debug-3.2.7.tgz. Extracting by manifest.
3145 silly tarball no local data for glob-parent@https://registry.npmjs.org/glob-parent/-/glob-parent-5.1.2.tgz. Extracting by manifest.
3146 silly tarball no local data for debug@https://registry.npmjs.org/debug/-/debug-3.2.7.tgz. Extracting by manifest.
3147 silly tarball no local data for eslint-visitor-keys@https://registry.npmjs.org/eslint-visitor-keys/-/eslint-visitor-keys-3.4.3.tgz. Extracting by manifest.
3148 http fetch GET 200 https://registry.npmjs.org/is-finalizationregistry/-/is-finalizationregistry-1.1.1.tgz 6942ms (cache miss)
3149 http fetch GET 200 https://registry.npmjs.org/is-number-object/-/is-number-object-1.1.1.tgz 6949ms (cache miss)
3150 http fetch GET 200 https://registry.npmjs.org/is-map/-/is-map-2.0.3.tgz 6960ms (cache miss)
3151 http fetch GET 200 https://registry.npmjs.org/is-async-function/-/is-async-function-2.1.1.tgz 6958ms (cache miss)
3152 http fetch GET 200 https://registry.npmjs.org/async-function/-/async-function-1.0.0.tgz 6959ms (cache miss)
3153 http fetch GET 200 https://registry.npmjs.org/is-generator-function/-/is-generator-function-1.1.2.tgz 7050ms (cache miss)
3154 http fetch GET 200 https://registry.npmjs.org/@typescript-eslint/project-service/-/project-service-8.65.0.tgz 7067ms (cache miss)
3155 http fetch GET 200 https://registry.npmjs.org/@typescript-eslint/visitor-keys/-/visitor-keys-8.65.0.tgz 7066ms (cache miss)
3156 http fetch GET 200 https://registry.npmjs.org/has-bigints/-/has-bigints-1.1.0.tgz 7069ms (cache miss)
3157 http fetch GET 200 https://registry.npmjs.org/@typescript-eslint/parser/-/parser-8.65.0.tgz 7066ms (cache miss)
3158 http fetch GET 200 https://registry.npmjs.org/which-builtin-type/-/which-builtin-type-1.2.1.tgz 7069ms (cache miss)
3159 http fetch GET 200 https://registry.npmjs.org/has-flag/-/has-flag-4.0.0.tgz 7085ms (cache miss)
3160 http fetch GET 200 https://registry.npmjs.org/client-only/-/client-only-0.0.1.tgz 7086ms (cache miss)
3161 http fetch GET 200 https://registry.npmjs.org/path-parse/-/path-parse-1.0.7.tgz 7083ms (cache miss)
3162 http fetch GET 200 https://registry.npmjs.org/@typescript-eslint/tsconfig-utils/-/tsconfig-utils-8.65.0.tgz 7095ms (cache miss)
3163 http fetch GET 200 https://registry.npmjs.org/supports-preserve-symlinks-flag/-/supports-preserve-symlinks-flag-1.0.0.tgz 7084ms (cache miss)
3164 http fetch GET 200 https://registry.npmjs.org/scheduler/-/scheduler-0.27.0.tgz 7083ms (cache miss)
3165 http fetch GET 200 https://registry.npmjs.org/loose-envify/-/loose-envify-1.4.0.tgz 7083ms (cache miss)
3166 http fetch GET 200 https://registry.npmjs.org/deep-is/-/deep-is-0.1.4.tgz 7078ms (cache miss)
3167 http fetch GET 200 https://registry.npmjs.org/yocto-queue/-/yocto-queue-0.1.0.tgz 7083ms (cache miss)
3168 http fetch GET 200 https://registry.npmjs.org/nanoid/-/nanoid-3.3.16.tgz 7079ms (cache miss)
3169 http fetch GET 200 https://registry.npmjs.org/callsites/-/callsites-3.1.0.tgz 7080ms (cache miss)
3170 http fetch GET 200 https://registry.npmjs.org/p-limit/-/p-limit-3.1.0.tgz 7081ms (cache miss)
3171 http fetch GET 200 https://registry.npmjs.org/brace-expansion/-/brace-expansion-1.1.18.tgz 7075ms (cache miss)
3172 http fetch GET 200 https://registry.npmjs.org/concat-map/-/concat-map-0.0.1.tgz 7077ms (cache miss)
3173 http fetch GET 200 https://registry.npmjs.org/p-locate/-/p-locate-5.0.0.tgz 7075ms (cache miss)
3174 http fetch GET 200 https://registry.npmjs.org/yallist/-/yallist-3.1.1.tgz 7075ms (cache miss)
3175 http fetch GET 200 https://registry.npmjs.org/@next/env/-/env-16.2.12.tgz 7077ms (cache miss)
3176 http fetch GET 200 https://registry.npmjs.org/json-buffer/-/json-buffer-3.0.1.tgz 7074ms (cache miss)
3177 http fetch GET 200 https://registry.npmjs.org/parent-module/-/parent-module-1.0.1.tgz 7073ms (cache miss)
3178 http fetch GET 200 https://registry.npmjs.org/dunder-proto/-/dunder-proto-1.0.1.tgz 7072ms (cache miss)
3179 http fetch GET 200 https://registry.npmjs.org/run-parallel/-/run-parallel-1.2.0.tgz 7070ms (cache miss)
3180 http fetch GET 200 https://registry.npmjs.org/keyv/-/keyv-4.5.4.tgz 7072ms (cache miss)
3181 http fetch GET 200 https://registry.npmjs.org/acorn-jsx/-/acorn-jsx-5.3.2.tgz 7067ms (cache miss)
3182 http fetch GET 200 https://registry.npmjs.org/update-browserslist-db/-/update-browserslist-db-1.2.3.tgz 7079ms (cache miss)
3183 http fetch GET 200 https://registry.npmjs.org/picocolors/-/picocolors-1.1.1.tgz 7079ms (cache miss)
3184 http fetch GET 200 https://registry.npmjs.org/iterator.prototype/-/iterator.prototype-1.1.5.tgz 7077ms (cache miss)
3185 http fetch GET 200 https://registry.npmjs.org/@babel/compat-data/-/compat-data-7.29.7.tgz 7087ms (cache miss)
3186 http fetch GET 200 https://registry.npmjs.org/string.prototype.matchall/-/string.prototype.matchall-4.0.12.tgz 7077ms (cache miss)
3187 http fetch GET 200 https://registry.npmjs.org/estraverse/-/estraverse-5.3.0.tgz 7077ms (cache miss)
3188 http fetch GET 200 https://registry.npmjs.org/language-tags/-/language-tags-1.0.9.tgz 7075ms (cache miss)
3189 http fetch GET 200 https://registry.npmjs.org/array.prototype.tosorted/-/array.prototype.tosorted-1.1.4.tgz 7078ms (cache miss)
3190 http fetch GET 200 https://registry.npmjs.org/is-symbol/-/is-symbol-1.1.1.tgz 7074ms (cache miss)
3191 http fetch GET 200 https://registry.npmjs.org/has-tostringtag/-/has-tostringtag-1.0.2.tgz 7073ms (cache miss)
3192 http fetch GET 200 https://registry.npmjs.org/ast-types-flow/-/ast-types-flow-0.0.8.tgz 7076ms (cache miss)
3193 http fetch GET 200 https://registry.npmjs.org/possible-typed-array-names/-/possible-typed-array-names-1.1.0.tgz 7073ms (cache miss)
3194 http fetch GET 200 https://registry.npmjs.org/typed-array-byte-length/-/typed-array-byte-length-1.0.3.tgz 7073ms (cache miss)
3195 http fetch GET 200 https://registry.npmjs.org/typed-array-buffer/-/typed-array-buffer-1.0.3.tgz 7072ms (cache miss)
3196 http fetch GET 200 https://registry.npmjs.org/unbox-primitive/-/unbox-primitive-1.1.0.tgz 7074ms (cache miss)
3197 http fetch GET 200 https://registry.npmjs.org/string.prototype.trimstart/-/string.prototype.trimstart-1.0.8.tgz 7073ms (cache miss)
3198 http fetch GET 200 https://registry.npmjs.org/set-proto/-/set-proto-1.0.0.tgz 7072ms (cache miss)
3199 http fetch GET 200 https://registry.npmjs.org/own-keys/-/own-keys-1.0.2.tgz 7076ms (cache miss)
3200 http fetch GET 200 https://registry.npmjs.org/is-set/-/is-set-2.0.3.tgz 7074ms (cache miss)
3201 http fetch GET 200 https://registry.npmjs.org/stop-iteration-iterator/-/stop-iteration-iterator-1.1.0.tgz 7079ms (cache miss)
3202 http fetch GET 200 https://registry.npmjs.org/regexp.prototype.flags/-/regexp.prototype.flags-1.5.4.tgz 7077ms (cache miss)
3203 http fetch GET 200 https://registry.npmjs.org/is-callable/-/is-callable-1.2.7.tgz 7073ms (cache miss)
3204 http fetch GET 200 https://registry.npmjs.org/is-weakref/-/is-weakref-1.1.1.tgz 7077ms (cache miss)
3205 http fetch GET 200 https://registry.npmjs.org/is-shared-array-buffer/-/is-shared-array-buffer-1.0.4.tgz 7076ms (cache miss)
3206 http fetch GET 200 https://registry.npmjs.org/has-symbols/-/has-symbols-1.1.0.tgz 7073ms (cache miss)
3207 http fetch GET 200 https://registry.npmjs.org/is-typed-array/-/is-typed-array-1.1.15.tgz 7076ms (cache miss)
3208 http fetch GET 200 https://registry.npmjs.org/is-regex/-/is-regex-1.2.1.tgz 7077ms (cache miss)
3209 http fetch GET 200 https://registry.npmjs.org/get-symbol-description/-/get-symbol-description-1.1.0.tgz 7073ms (cache miss)
3210 http fetch GET 200 https://registry.npmjs.org/has-proto/-/has-proto-1.2.0.tgz 7075ms (cache miss)
3211 http fetch GET 200 https://registry.npmjs.org/internal-slot/-/internal-slot-1.1.0.tgz 7075ms (cache miss)
3212 http fetch GET 200 https://registry.npmjs.org/globalthis/-/globalthis-1.0.4.tgz 7074ms (cache miss)
3213 http fetch GET 200 https://registry.npmjs.org/es-define-property/-/es-define-property-1.0.1.tgz 7070ms (cache miss)
3214 http fetch GET 200 https://registry.npmjs.org/es-shim-unscopables/-/es-shim-unscopables-1.1.0.tgz 7069ms (cache miss)
3215 http fetch GET 200 https://registry.npmjs.org/data-view-byte-offset/-/data-view-byte-offset-1.0.1.tgz 7073ms (cache miss)
3216 http fetch GET 200 https://registry.npmjs.org/es-set-tostringtag/-/es-set-tostringtag-2.1.0.tgz 7075ms (cache miss)
3217 http fetch GET 200 https://registry.npmjs.org/object-keys/-/object-keys-1.1.1.tgz 7072ms (cache miss)
3218 http fetch GET 200 https://registry.npmjs.org/set-function-length/-/set-function-length-1.2.2.tgz 7071ms (cache miss)
3219 http fetch GET 200 https://registry.npmjs.org/has-property-descriptors/-/has-property-descriptors-1.0.2.tgz 7073ms (cache miss)
3220 http fetch GET 200 https://registry.npmjs.org/function-bind/-/function-bind-1.1.2.tgz 7072ms (cache miss)
3221 http fetch GET 200 https://registry.npmjs.org/es-errors/-/es-errors-1.3.0.tgz 7071ms (cache miss)
3222 http fetch GET 200 https://registry.npmjs.org/arraybuffer.prototype.slice/-/arraybuffer.prototype.slice-1.0.4.tgz 7075ms (cache miss)
3223 http fetch GET 200 https://registry.npmjs.org/call-bind-apply-helpers/-/call-bind-apply-helpers-1.0.2.tgz 7072ms (cache miss)
3224 http fetch GET 200 https://registry.npmjs.org/es-object-atoms/-/es-object-atoms-1.1.2.tgz 7070ms (cache miss)
3225 http fetch GET 200 https://registry.npmjs.org/is-string/-/is-string-1.1.1.tgz 7072ms (cache miss)
3226 http fetch GET 200 https://registry.npmjs.org/define-properties/-/define-properties-1.2.1.tgz 7071ms (cache miss)
3227 http fetch GET 200 https://registry.npmjs.org/call-bound/-/call-bound-1.0.4.tgz 7072ms (cache miss)
3228 http fetch GET 200 https://registry.npmjs.org/gopd/-/gopd-1.2.0.tgz 7077ms (cache miss)
3229 http fetch GET 200 https://registry.npmjs.org/call-bind/-/call-bind-1.0.9.tgz 7071ms (cache miss)
3230 http fetch GET 200 https://registry.npmjs.org/array-buffer-byte-length/-/array-buffer-byte-length-1.0.2.tgz 7078ms (cache miss)
3231 http fetch GET 200 https://registry.npmjs.org/object.fromentries/-/object.fromentries-2.0.8.tgz 7071ms (cache miss)
3232 http fetch GET 200 https://registry.npmjs.org/object.values/-/object.values-1.2.1.tgz 7072ms (cache miss)
3233 http fetch GET 200 https://registry.npmjs.org/available-typed-arrays/-/available-typed-arrays-1.0.7.tgz 7081ms (cache miss)
3234 http fetch GET 200 https://registry.npmjs.org/array.prototype.findlastindex/-/array.prototype.findlastindex-1.2.6.tgz 7068ms (cache miss)
3235 http fetch GET 200 https://registry.npmjs.org/stable-hash/-/stable-hash-0.0.5.tgz 7068ms (cache miss)
3236 http fetch GET 200 https://registry.npmjs.org/@rtsao/scc/-/scc-1.1.0.tgz 7070ms (cache miss)
3237 http fetch GET 200 https://registry.npmjs.org/is-bun-module/-/is-bun-module-2.0.0.tgz 7067ms (cache miss)
3238 http fetch GET 200 https://registry.npmjs.org/@nolyfill/is-core-module/-/is-core-module-1.0.39.tgz 7067ms (cache miss)
3239 http fetch GET 200 https://registry.npmjs.org/color-name/-/color-name-1.1.4.tgz 7066ms (cache miss)
3240 http fetch GET 200 https://registry.npmjs.org/ansi-styles/-/ansi-styles-4.3.0.tgz 7066ms (cache miss)
3241 http fetch GET 200 https://registry.npmjs.org/unrs-resolver/-/unrs-resolver-1.12.2.tgz 7069ms (cache miss)
3242 http fetch GET 200 https://registry.npmjs.org/is-core-module/-/is-core-module-2.16.2.tgz 7068ms (cache miss)
3243 http fetch GET 200 https://registry.npmjs.org/array.prototype.flatmap/-/array.prototype.flatmap-1.3.3.tgz 7072ms (cache miss)
3244 http fetch GET 200 https://registry.npmjs.org/import-fresh/-/import-fresh-3.3.1.tgz 7065ms (cache miss)
3245 http fetch GET 200 https://registry.npmjs.org/data-view-buffer/-/data-view-buffer-1.0.2.tgz 7086ms (cache miss)
3246 http fetch GET 200 https://registry.npmjs.org/@types/json-schema/-/json-schema-7.0.15.tgz 7066ms (cache miss)
3247 http fetch GET 200 https://registry.npmjs.org/@eslint/js/-/js-9.39.5.tgz 7064ms (cache miss)
3248 http fetch GET 200 https://registry.npmjs.org/lru-cache/-/lru-cache-5.1.1.tgz 7138ms (cache miss)
3249 http fetch GET 200 https://registry.npmjs.org/string.prototype.repeat/-/string.prototype.repeat-1.0.0.tgz 7134ms (cache miss)
3250 http fetch GET 200 https://registry.npmjs.org/generator-function/-/generator-function-2.0.1.tgz 7205ms (cache miss)
3251 http fetch GET 200 https://registry.npmjs.org/which-boxed-primitive/-/which-boxed-primitive-1.1.1.tgz 7206ms (cache miss)
3252 http fetch GET 200 https://registry.npmjs.org/minimatch/-/minimatch-3.1.5.tgz 7113ms (cache miss)
3253 http fetch GET 200 https://registry.npmjs.org/strip-bom/-/strip-bom-3.0.0.tgz 7205ms (cache miss)
3254 http fetch GET 200 https://registry.npmjs.org/is-number/-/is-number-7.0.0.tgz 7203ms (cache miss)
3255 http fetch GET 200 https://registry.npmjs.org/side-channel-weakmap/-/side-channel-weakmap-1.0.2.tgz 7202ms (cache miss)
3256 http fetch GET 200 https://registry.npmjs.org/@types/json5/-/json5-0.0.29.tgz 7204ms (cache miss)
3257 http fetch GET 200 https://registry.npmjs.org/isarray/-/isarray-2.0.5.tgz 7201ms (cache miss)
3258 http fetch GET 200 https://registry.npmjs.org/queue-microtask/-/queue-microtask-1.2.3.tgz 7201ms (cache miss)
3259 http fetch GET 200 https://registry.npmjs.org/word-wrap/-/word-wrap-1.2.5.tgz 7194ms (cache miss)
3260 http fetch GET 200 https://registry.npmjs.org/balanced-match/-/balanced-match-1.0.2.tgz 7189ms (cache miss)
3261 http fetch GET 200 https://registry.npmjs.org/to-regex-range/-/to-regex-range-5.0.1.tgz 7189ms (cache miss)
3262 http fetch GET 200 https://registry.npmjs.org/is-extglob/-/is-extglob-2.1.1.tgz 7186ms (cache miss)
3263 http fetch GET 200 https://registry.npmjs.org/resolve-from/-/resolve-from-4.0.0.tgz 7187ms (cache miss)
3264 http fetch GET 200 https://registry.npmjs.org/is-document.all/-/is-document.all-1.0.0.tgz 7184ms (cache miss)
3265 http fetch GET 200 https://registry.npmjs.org/locate-path/-/locate-path-6.0.0.tgz 7183ms (cache miss)
3266 http fetch GET 200 https://registry.npmjs.org/path-exists/-/path-exists-4.0.0.tgz 7184ms (cache miss)
3267 http fetch GET 200 https://registry.npmjs.org/fastq/-/fastq-1.20.1.tgz 7182ms (cache miss)
3268 http fetch GET 200 https://registry.npmjs.org/merge2/-/merge2-1.4.1.tgz 7182ms (cache miss)
3269 http fetch GET 200 https://registry.npmjs.org/@eslint/config-helpers/-/config-helpers-0.4.2.tgz 7119ms (cache miss)
3270 http fetch GET 200 https://registry.npmjs.org/@types/estree/-/estree-1.0.9.tgz 7120ms (cache miss)
3271 http fetch GET 200 https://registry.npmjs.org/path-key/-/path-key-3.1.1.tgz 7115ms (cache miss)
3272 http fetch GET 200 https://registry.npmjs.org/ms/-/ms-2.1.3.tgz 7116ms (cache miss)
3273 http fetch GET 200 https://registry.npmjs.org/fast-json-stable-stringify/-/fast-json-stable-stringify-2.1.0.tgz 7114ms (cache miss)
3274 http fetch GET 200 https://registry.npmjs.org/optionator/-/optionator-0.9.4.tgz 7113ms (cache miss)
3275 http fetch GET 200 https://registry.npmjs.org/is-glob/-/is-glob-4.0.3.tgz 7112ms (cache miss)
3276 http fetch GET 200 https://registry.npmjs.org/levn/-/levn-0.4.1.tgz 7114ms (cache miss)
3277 http fetch GET 200 https://registry.npmjs.org/find-up/-/find-up-5.0.0.tgz 7111ms (cache miss)
3278 http fetch GET 200 https://registry.npmjs.org/node-releases/-/node-releases-2.0.51.tgz 7183ms (cache miss)
3279 http fetch GET 200 https://registry.npmjs.org/js-tokens/-/js-tokens-4.0.0.tgz 7178ms (cache miss)
3280 http fetch GET 200 https://registry.npmjs.org/json-schema-traverse/-/json-schema-traverse-0.4.1.tgz 7118ms (cache miss)
3281 http fetch GET 200 https://registry.npmjs.org/fast-deep-equal/-/fast-deep-equal-3.1.3.tgz 7114ms (cache miss)
3282 http fetch GET 200 https://registry.npmjs.org/@humanwhocodes/retry/-/retry-0.4.3.tgz 7112ms (cache miss)
3283 http fetch GET 200 https://registry.npmjs.org/file-entry-cache/-/file-entry-cache-8.0.0.tgz 7115ms (cache miss)
3284 http fetch GET 200 https://registry.npmjs.org/json-stable-stringify-without-jsonify/-/json-stable-stringify-without-jsonify-1.0.1.tgz 7117ms (cache miss)
3285 http fetch GET 200 https://registry.npmjs.org/esutils/-/esutils-2.0.3.tgz 7115ms (cache miss)
3286 http fetch GET 200 https://registry.npmjs.org/which/-/which-2.0.2.tgz 7122ms (cache miss)
3287 http fetch GET 200 https://registry.npmjs.org/eslint-config-next/-/eslint-config-next-16.2.12.tgz 7107ms (cache miss)
3288 http fetch GET 200 https://registry.npmjs.org/jsesc/-/jsesc-3.1.0.tgz 7183ms (cache miss)
3289 http fetch GET 200 https://registry.npmjs.org/damerau-levenshtein/-/damerau-levenshtein-1.0.8.tgz 7171ms (cache miss)
3290 http fetch GET 200 https://registry.npmjs.org/eslint-visitor-keys/-/eslint-visitor-keys-5.0.1.tgz 7107ms (cache miss)
3291 http fetch GET 200 https://registry.npmjs.org/typed-array-byte-offset/-/typed-array-byte-offset-1.0.4.tgz 7168ms (cache miss)
3292 http fetch GET 200 https://registry.npmjs.org/safe-push-apply/-/safe-push-apply-1.0.0.tgz 7165ms (cache miss)
3293 http fetch GET 200 https://registry.npmjs.org/is-data-view/-/is-data-view-1.0.2.tgz 7162ms (cache miss)
3294 http fetch GET 200 https://registry.npmjs.org/is-array-buffer/-/is-array-buffer-3.0.5.tgz 7162ms (cache miss)
3295 http fetch GET 200 https://registry.npmjs.org/get-proto/-/get-proto-1.0.1.tgz 7161ms (cache miss)
3296 http fetch GET 200 https://registry.npmjs.org/function.prototype.name/-/function.prototype.name-1.2.0.tgz 7161ms (cache miss)
3297 http fetch GET 200 https://registry.npmjs.org/data-view-byte-length/-/data-view-byte-length-1.0.2.tgz 7159ms (cache miss)
3298 http fetch GET 200 https://registry.npmjs.org/math-intrinsics/-/math-intrinsics-1.1.0.tgz 7155ms (cache miss)
3299 http fetch GET 200 https://registry.npmjs.org/hasown/-/hasown-2.0.4.tgz 7149ms (cache miss)
3300 http fetch GET 200 https://registry.npmjs.org/object.groupby/-/object.groupby-1.0.3.tgz 7151ms (cache miss)
3301 http fetch GET 200 https://registry.npmjs.org/get-intrinsic/-/get-intrinsic-1.3.0.tgz 7156ms (cache miss)
3302 http fetch GET 200 https://registry.npmjs.org/array.prototype.flat/-/array.prototype.flat-1.3.3.tgz 7149ms (cache miss)
3303 http fetch GET 200 https://registry.npmjs.org/array-includes/-/array-includes-3.1.9.tgz 7149ms (cache miss)
3304 http fetch GET 200 https://registry.npmjs.org/tinyglobby/-/tinyglobby-0.2.17.tgz 7148ms (cache miss)
3305 http fetch GET 200 https://registry.npmjs.org/supports-color/-/supports-color-7.2.0.tgz 7145ms (cache miss)
3306 http fetch GET 200 https://registry.npmjs.org/eslint-visitor-keys/-/eslint-visitor-keys-4.2.1.tgz 7142ms (cache miss)
3307 http fetch GET 200 https://registry.npmjs.org/argparse/-/argparse-2.0.1.tgz 7215ms (cache miss)
3308 http fetch GET 200 https://registry.npmjs.org/@babel/helper-globals/-/helper-globals-7.29.7.tgz 7204ms (cache miss)
3309 http fetch GET 200 https://registry.npmjs.org/@humanwhocodes/module-importer/-/module-importer-1.0.1.tgz 7135ms (cache miss)
3310 http fetch GET 200 https://registry.npmjs.org/gensync/-/gensync-1.0.0-beta.2.tgz 7202ms (cache miss)
3311 http fetch GET 200 https://registry.npmjs.org/convert-source-map/-/convert-source-map-2.0.0.tgz 7203ms (cache miss)
3312 http fetch GET 200 https://registry.npmjs.org/object.entries/-/object.entries-1.1.9.tgz 7197ms (cache miss)
3313 http fetch GET 200 https://registry.npmjs.org/is-negative-zero/-/is-negative-zero-2.0.3.tgz 7186ms (cache miss)
3314 http fetch GET 200 https://registry.npmjs.org/strip-json-comments/-/strip-json-comments-3.1.1.tgz 7166ms (cache miss)
3315 http fetch GET 200 https://registry.npmjs.org/lodash.merge/-/lodash.merge-4.6.2.tgz 7164ms (cache miss)
3316 http fetch GET 200 https://registry.npmjs.org/shebang-regex/-/shebang-regex-3.0.0.tgz 7256ms (cache miss)
3317 http fetch GET 200 https://registry.npmjs.org/micromatch/-/micromatch-4.0.8.tgz 7233ms (cache miss)
3318 http fetch GET 200 https://registry.npmjs.org/@nodelib/fs.scandir/-/fs.scandir-2.1.5.tgz 7234ms (cache miss)
3319 http fetch GET 200 https://registry.npmjs.org/typescript-eslint/-/typescript-eslint-8.65.0.tgz 7170ms (cache miss)
3320 http fetch GET 200 https://registry.npmjs.org/eslint-import-resolver-node/-/eslint-import-resolver-node-0.3.10.tgz 7168ms (cache miss)
3321 http fetch GET 200 https://registry.npmjs.org/@humanfs/types/-/types-0.15.0.tgz 7165ms (cache miss)
3322 http fetch GET 200 https://registry.npmjs.org/glob-parent/-/glob-parent-6.0.2.tgz 7164ms (cache miss)
3323 http fetch GET 200 https://registry.npmjs.org/shebang-command/-/shebang-command-2.0.0.tgz 7169ms (cache miss)
3324 http fetch GET 200 https://registry.npmjs.org/natural-compare/-/natural-compare-1.4.0.tgz 7166ms (cache miss)
3325 http fetch GET 200 https://registry.npmjs.org/cross-spawn/-/cross-spawn-7.0.6.tgz 7162ms (cache miss)
3326 http fetch GET 200 https://registry.npmjs.org/escape-string-regexp/-/escape-string-regexp-4.0.0.tgz 7163ms (cache miss)
3327 http fetch GET 200 https://registry.npmjs.org/object-assign/-/object-assign-4.1.1.tgz 7281ms (cache miss)
3328 http fetch GET 200 https://registry.npmjs.org/imurmurhash/-/imurmurhash-0.1.4.tgz 7191ms (cache miss)
3329 http fetch GET 200 https://registry.npmjs.org/esrecurse/-/esrecurse-4.3.0.tgz 7262ms (cache miss)
3330 http fetch GET 200 https://registry.npmjs.org/fast-levenshtein/-/fast-levenshtein-2.0.6.tgz 7301ms (cache miss)
3331 http fetch GET 200 https://registry.npmjs.org/@babel/helper-string-parser/-/helper-string-parser-7.29.7.tgz 7328ms (cache miss)
3332 http fetch GET 200 https://registry.npmjs.org/ignore/-/ignore-5.3.2.tgz 7271ms (cache miss)
3333 http fetch GET 200 https://registry.npmjs.org/fill-range/-/fill-range-7.1.1.tgz 7357ms (cache miss)
3334 http fetch GET 200 https://registry.npmjs.org/@babel/code-frame/-/code-frame-7.29.7.tgz 7339ms (cache miss)
3335 http fetch GET 200 https://registry.npmjs.org/balanced-match/-/balanced-match-4.0.4.tgz 7295ms (cache miss)
3336 http fetch GET 200 https://registry.npmjs.org/@img/colour/-/colour-1.1.0.tgz 7421ms (cache miss)
3337 http fetch GET 200 https://registry.npmjs.org/@types/react-dom/-/react-dom-19.2.4.tgz 7329ms (cache miss)
3338 http fetch GET 200 https://registry.npmjs.org/color-convert/-/color-convert-2.0.1.tgz 7398ms (cache miss)
3339 http fetch GET 200 https://registry.npmjs.org/semver/-/semver-6.3.1.tgz 7406ms (cache miss)
3340 http fetch GET 200 https://registry.npmjs.org/punycode/-/punycode-2.3.1.tgz 7515ms (cache miss)
3341 http fetch GET 200 https://registry.npmjs.org/ignore/-/ignore-7.0.6.tgz 7426ms (cache miss)
3342 http fetch GET 200 https://registry.npmjs.org/@eslint/core/-/core-0.17.0.tgz 7460ms (cache miss)
3343 http fetch GET 200 https://registry.npmjs.org/isexe/-/isexe-2.0.0.tgz 7596ms (cache miss)
3344 http fetch GET 200 https://registry.npmjs.org/resolve-pkg-maps/-/resolve-pkg-maps-1.0.0.tgz 7565ms (cache miss)
3345 http fetch GET 200 https://registry.npmjs.org/flat-cache/-/flat-cache-4.0.1.tgz 7562ms (cache miss)
3346 http fetch GET 200 https://registry.npmjs.org/chalk/-/chalk-4.1.2.tgz 7531ms (cache miss)
3347 http fetch GET 200 https://registry.npmjs.org/set-function-name/-/set-function-name-2.0.2.tgz 7601ms (cache miss)
3348 http fetch GET 200 https://registry.npmjs.org/globals/-/globals-16.4.0.tgz 7555ms (cache miss)
3349 http fetch GET 200 https://registry.npmjs.org/debug/-/debug-4.4.3.tgz 7545ms (cache miss)
3350 http fetch GET 200 https://registry.npmjs.org/fdir/-/fdir-6.5.0.tgz 7554ms (cache miss)
3351 http fetch GET 200 https://registry.npmjs.org/type-check/-/type-check-0.4.0.tgz 7673ms (cache miss)
3352 http fetch GET 200 https://registry.npmjs.org/detect-libc/-/detect-libc-2.1.2.tgz 7725ms (cache miss)
3353 http fetch GET 200 https://registry.npmjs.org/is-bigint/-/is-bigint-1.1.0.tgz 7738ms (cache miss)
3354 http fetch GET 200 https://registry.npmjs.org/which-collection/-/which-collection-1.0.2.tgz 7753ms (cache miss)
3355 http fetch GET 200 https://registry.npmjs.org/react-is/-/react-is-16.13.1.tgz 7738ms (cache miss)
3356 http fetch GET 200 https://registry.npmjs.org/@jridgewell/resolve-uri/-/resolve-uri-3.1.2.tgz 7716ms (cache miss)
3357 http fetch GET 200 https://registry.npmjs.org/@humanfs/node/-/node-0.16.8.tgz 7643ms (cache miss)
3358 http fetch GET 200 https://registry.npmjs.org/get-tsconfig/-/get-tsconfig-4.14.0.tgz 7673ms (cache miss)
3359 http fetch GET 200 https://registry.npmjs.org/functions-have-names/-/functions-have-names-1.2.3.tgz 7737ms (cache miss)
3360 http fetch GET 200 https://registry.npmjs.org/eslint-import-resolver-typescript/-/eslint-import-resolver-typescript-3.10.1.tgz 7684ms (cache miss)
3361 http fetch GET 200 https://registry.npmjs.org/safe-regex-test/-/safe-regex-test-1.1.0.tgz 7727ms (cache miss)
3362 http fetch GET 200 https://registry.npmjs.org/safe-array-concat/-/safe-array-concat-1.1.4.tgz 7729ms (cache miss)
3363 http fetch GET 200 https://registry.npmjs.org/doctrine/-/doctrine-2.1.0.tgz 7711ms (cache miss)
3364 http fetch GET 200 https://registry.npmjs.org/@babel/helper-validator-option/-/helper-validator-option-7.29.7.tgz 7761ms (cache miss)
3365 http fetch GET 200 https://registry.npmjs.org/typed-array-length/-/typed-array-length-1.0.8.tgz 7752ms (cache miss)
3366 http fetch GET 200 https://registry.npmjs.org/define-data-property/-/define-data-property-1.1.4.tgz 7739ms (cache miss)
3367 http fetch GET 200 https://registry.npmjs.org/is-weakmap/-/is-weakmap-2.0.2.tgz 7823ms (cache miss)
3368 http fetch GET 200 https://registry.npmjs.org/brace-expansion/-/brace-expansion-5.0.9.tgz 7712ms (cache miss)
3369 http fetch GET 200 https://registry.npmjs.org/browserslist/-/browserslist-4.28.7.tgz 7795ms (cache miss)
3370 http fetch GET 200 https://registry.npmjs.org/is-weakset/-/is-weakset-2.0.4.tgz 7858ms (cache miss)
3371 http fetch GET 200 https://registry.npmjs.org/side-channel/-/side-channel-1.1.1.tgz 7822ms (cache miss)
3372 http fetch GET 200 https://registry.npmjs.org/@babel/helper-validator-identifier/-/helper-validator-identifier-7.29.7.tgz 7808ms (cache miss)
3373 http fetch GET 200 https://registry.npmjs.org/side-channel-map/-/side-channel-map-1.0.1.tgz 7853ms (cache miss)
3374 http fetch GET 200 https://registry.npmjs.org/is-date-object/-/is-date-object-1.1.0.tgz 7808ms (cache miss)
3375 http fetch GET 200 https://registry.npmjs.org/prelude-ls/-/prelude-ls-1.2.1.tgz 7848ms (cache miss)
3376 http fetch GET 200 https://registry.npmjs.org/which-typed-array/-/which-typed-array-1.1.22.tgz 7818ms (cache miss)
3377 http fetch GET 200 https://registry.npmjs.org/glob-parent/-/glob-parent-5.1.2.tgz 7762ms (cache miss)
3378 http fetch GET 200 https://registry.npmjs.org/eslint-visitor-keys/-/eslint-visitor-keys-3.4.3.tgz 7768ms (cache miss)
3379 http fetch GET 200 https://registry.npmjs.org/is-boolean-object/-/is-boolean-object-1.2.2.tgz 7898ms (cache miss)
3380 http fetch GET 200 https://registry.npmjs.org/baseline-browser-mapping/-/baseline-browser-mapping-2.11.8.tgz 7874ms (cache miss)
3381 http fetch GET 200 https://registry.npmjs.org/espree/-/espree-10.4.0.tgz 7822ms (cache miss)
3382 http fetch GET 200 https://registry.npmjs.org/escalade/-/escalade-3.2.0.tgz 7918ms (cache miss)
3383 http fetch GET 200 https://registry.npmjs.org/for-each/-/for-each-0.3.5.tgz 7914ms (cache miss)
3384 http fetch GET 200 https://registry.npmjs.org/picomatch/-/picomatch-2.3.2.tgz 7894ms (cache miss)
3385 http fetch GET 200 https://registry.npmjs.org/side-channel-list/-/side-channel-list-1.0.1.tgz 7917ms (cache miss)
3386 http fetch GET 200 https://registry.npmjs.org/prop-types/-/prop-types-15.8.1.tgz 7903ms (cache miss)
3387 http fetch GET 200 https://registry.npmjs.org/ts-api-utils/-/ts-api-utils-2.5.0.tgz 7974ms (cache miss)
3388 http fetch GET 200 https://registry.npmjs.org/electron-to-chromium/-/electron-to-chromium-1.5.398.tgz 8024ms (cache miss)
3389 http fetch GET 200 https://registry.npmjs.org/@eslint-community/regexpp/-/regexpp-4.12.2.tgz 8010ms (cache miss)
3390 http fetch GET 200 https://registry.npmjs.org/@babel/helper-module-imports/-/helper-module-imports-7.29.7.tgz 8100ms (cache miss)
3391 http fetch GET 200 https://registry.npmjs.org/reusify/-/reusify-1.1.0.tgz 8112ms (cache miss)
3392 http fetch GET 200 https://registry.npmjs.org/@eslint/object-schema/-/object-schema-2.1.7.tgz 8074ms (cache miss)
3393 http fetch GET 200 https://registry.npmjs.org/globals/-/globals-14.0.0.tgz 8051ms (cache miss)
3394 http fetch GET 200 https://registry.npmjs.org/reflect.getprototypeof/-/reflect.getprototypeof-1.0.10.tgz 8173ms (cache miss)
3395 http fetch GET 200 https://registry.npmjs.org/@humanfs/core/-/core-0.19.2.tgz 8075ms (cache miss)
3396 http fetch GET 200 https://registry.npmjs.org/string.prototype.trim/-/string.prototype.trim-1.2.11.tgz 8119ms (cache miss)
3397 http fetch GET 200 https://registry.npmjs.org/debug/-/debug-3.2.7.tgz 8065ms (cache miss)
3398 http fetch GET 200 https://registry.npmjs.org/@eslint/plugin-kit/-/plugin-kit-0.4.1.tgz 8103ms (cache miss)
3399 http fetch GET 200 https://registry.npmjs.org/string.prototype.trimend/-/string.prototype.trimend-1.0.10.tgz 8123ms (cache miss)
3400 http fetch GET 200 https://registry.npmjs.org/flatted/-/flatted-3.4.4.tgz 8178ms (cache miss)
3401 http fetch GET 200 https://registry.npmjs.org/braces/-/braces-3.0.3.tgz 8186ms (cache miss)
3402 http fetch GET 200 https://registry.npmjs.org/emoji-regex/-/emoji-regex-9.2.2.tgz 8171ms (cache miss)
3403 http fetch GET 200 https://registry.npmjs.org/tslib/-/tslib-2.8.1.tgz 8216ms (cache miss)
3404 http fetch GET 200 https://registry.npmjs.org/debug/-/debug-3.2.7.tgz 8115ms (cache miss)
3405 http fetch GET 200 https://registry.npmjs.org/array.prototype.findlast/-/array.prototype.findlast-1.2.5.tgz 8192ms (cache miss)
3406 http fetch GET 200 https://registry.npmjs.org/@typescript-eslint/types/-/types-8.65.0.tgz 8248ms (cache miss)
3407 http fetch GET 200 https://registry.npmjs.org/picomatch/-/picomatch-4.0.5.tgz 8131ms (cache miss)
3408 http fetch GET 200 https://registry.npmjs.org/debug/-/debug-3.2.7.tgz 8267ms (cache miss)
3409 http fetch GET 200 https://registry.npmjs.org/eslint-scope/-/eslint-scope-8.4.0.tgz 8308ms (cache miss)
3410 http fetch GET 200 https://registry.npmjs.org/json5/-/json5-1.0.2.tgz 8282ms (cache miss)
3411 http fetch GET 200 https://registry.npmjs.org/es-abstract-get/-/es-abstract-get-1.0.0.tgz 8365ms (cache miss)
3412 http fetch GET 200 https://registry.npmjs.org/acorn/-/acorn-8.18.0.tgz 8396ms (cache miss)
3413 http fetch GET 200 https://registry.npmjs.org/@nodelib/fs.stat/-/fs.stat-2.0.5.tgz 8425ms (cache miss)
3414 http fetch GET 200 https://registry.npmjs.org/es-to-primitive/-/es-to-primitive-1.3.4.tgz 8394ms (cache miss)
3415 http fetch GET 200 https://registry.npmjs.org/zod-validation-error/-/zod-validation-error-4.0.2.tgz 8422ms (cache miss)
3416 http fetch GET 200 https://registry.npmjs.org/@babel/helper-compilation-targets/-/helper-compilation-targets-7.29.7.tgz 8424ms (cache miss)
3417 http fetch GET 200 https://registry.npmjs.org/csstype/-/csstype-3.2.3.tgz 8367ms (cache miss)
3418 http fetch GET 200 https://registry.npmjs.org/object.assign/-/object.assign-4.1.7.tgz 8416ms (cache miss)
3419 http fetch GET 200 https://registry.npmjs.org/hermes-estree/-/hermes-estree-0.25.1.tgz 8470ms (cache miss)
3420 http fetch GET 200 https://registry.npmjs.org/@babel/helper-module-transforms/-/helper-module-transforms-7.29.7.tgz 8460ms (cache miss)
3421 http fetch GET 200 https://registry.npmjs.org/string.prototype.includes/-/string.prototype.includes-2.0.1.tgz 8471ms (cache miss)
3422 http fetch GET 200 https://registry.npmjs.org/@babel/template/-/template-7.29.7.tgz 8481ms (cache miss)
3423 http fetch GET 200 https://registry.npmjs.org/@types/react/-/react-19.2.18.tgz 8410ms (cache miss)
3424 http fetch GET 200 https://registry.npmjs.org/source-map-js/-/source-map-js-1.2.1.tgz 8538ms (cache miss)
3425 http fetch GET 200 https://registry.npmjs.org/@eslint/config-array/-/config-array-0.21.2.tgz 8475ms (cache miss)
3426 http fetch GET 200 https://registry.npmjs.org/json5/-/json5-2.2.3.tgz 8530ms (cache miss)
3427 http fetch GET 200 https://registry.npmjs.org/minimist/-/minimist-1.2.8.tgz 8585ms (cache miss)
3428 http fetch GET 200 https://registry.npmjs.org/eslint-module-utils/-/eslint-module-utils-2.14.0.tgz 8528ms (cache miss)
3429 http fetch GET 200 https://registry.npmjs.org/napi-postinstall/-/napi-postinstall-0.3.4.tgz 8618ms (cache miss)
3430 http fetch GET 200 https://registry.npmjs.org/esquery/-/esquery-1.7.0.tgz 8525ms (cache miss)
3431 http fetch GET 200 https://registry.npmjs.org/@unrs/resolver-binding-win32-x64-msvc/-/resolver-binding-win32-x64-msvc-1.12.2.tgz 8663ms (cache miss)
3432 http fetch GET 200 https://registry.npmjs.org/react/-/react-19.2.8.tgz 8548ms (cache miss)
3433 http fetch GET 200 https://registry.npmjs.org/styled-jsx/-/styled-jsx-5.1.6.tgz 8653ms (cache miss)
3434 http fetch GET 200 https://registry.npmjs.org/@jridgewell/sourcemap-codec/-/sourcemap-codec-1.5.5.tgz 8635ms (cache miss)
3435 http fetch GET 200 https://registry.npmjs.org/node-exports-info/-/node-exports-info-1.6.2.tgz 8679ms (cache miss)
3436 http fetch GET 200 https://registry.npmjs.org/@babel/parser/-/parser-7.29.7.tgz 8668ms (cache miss)
3437 http fetch GET 200 https://registry.npmjs.org/@eslint-community/eslint-utils/-/eslint-utils-4.10.1.tgz 8606ms (cache miss)
3438 http fetch GET 200 https://registry.npmjs.org/@nodelib/fs.walk/-/fs.walk-1.2.8.tgz 8707ms (cache miss)
3439 http fetch GET 200 https://registry.npmjs.org/object-inspect/-/object-inspect-1.13.4.tgz 8705ms (cache miss)
3440 http fetch GET 200 https://registry.npmjs.org/@jridgewell/remapping/-/remapping-2.3.5.tgz 8728ms (cache miss)
3441 http fetch GET 200 https://registry.npmjs.org/@jridgewell/gen-mapping/-/gen-mapping-0.3.13.tgz 8731ms (cache miss)
3442 http fetch GET 200 https://registry.npmjs.org/undici-types/-/undici-types-8.3.0.tgz 8685ms (cache miss)
3443 http fetch GET 200 https://registry.npmjs.org/language-subtag-registry/-/language-subtag-registry-0.3.23.tgz 8803ms (cache miss)
3444 http fetch GET 200 https://registry.npmjs.org/sharp/-/sharp-0.34.5.tgz 8834ms (cache miss)
3445 http fetch GET 200 https://registry.npmjs.org/@eslint/eslintrc/-/eslintrc-3.3.6.tgz 8811ms (cache miss)
3446 http fetch GET 200 https://registry.npmjs.org/@typescript-eslint/type-utils/-/type-utils-8.65.0.tgz 9001ms (cache miss)
3447 http fetch GET 200 https://registry.npmjs.org/js-yaml/-/js-yaml-4.3.0.tgz 8929ms (cache miss)
3448 http fetch GET 200 https://registry.npmjs.org/@jridgewell/trace-mapping/-/trace-mapping-0.3.31.tgz 8983ms (cache miss)
3449 http fetch GET 200 https://registry.npmjs.org/semver/-/semver-7.8.5.tgz 8922ms (cache miss)
3450 http fetch GET 200 https://registry.npmjs.org/semver/-/semver-7.8.5.tgz 9604ms (cache miss)
3451 http fetch GET 200 https://registry.npmjs.org/postcss/-/postcss-8.4.31.tgz 9753ms (cache miss)
3452 http fetch GET 200 https://registry.npmjs.org/semver/-/semver-7.8.5.tgz 9906ms (cache miss)
3453 http fetch GET 200 https://registry.npmjs.org/@babel/generator/-/generator-7.29.7.tgz 10102ms (cache miss)
3454 http fetch GET 200 https://registry.npmjs.org/axe-core/-/axe-core-4.12.1.tgz 10215ms (cache miss)
3455 http fetch GET 200 https://registry.npmjs.org/@next/eslint-plugin-next/-/eslint-plugin-next-16.2.12.tgz 11647ms (cache miss)
3456 http fetch GET 200 https://registry.npmjs.org/uri-js/-/uri-js-4.4.1.tgz 12314ms (cache miss)
3457 http fetch GET 200 https://registry.npmjs.org/fast-glob/-/fast-glob-3.3.1.tgz 13583ms (cache miss)
3458 http fetch GET 200 https://registry.npmjs.org/minimatch/-/minimatch-10.2.6.tgz 14201ms (cache miss)
3459 http fetch GET 200 https://registry.npmjs.org/tsconfig-paths/-/tsconfig-paths-3.15.0.tgz 15053ms (cache miss)
3460 http fetch GET 200 https://registry.npmjs.org/@babel/traverse/-/traverse-7.29.7.tgz 15149ms (cache miss)
3461 http fetch GET 200 https://registry.npmjs.org/@types/node/-/node-26.1.2.tgz 15174ms (cache miss)
3462 http fetch GET 200 https://registry.npmjs.org/@typescript-eslint/typescript-estree/-/typescript-estree-8.65.0.tgz 15329ms (cache miss)
3463 http fetch GET 200 https://registry.npmjs.org/@typescript-eslint/utils/-/utils-8.65.0.tgz 15350ms (cache miss)
3464 http fetch GET 200 https://registry.npmjs.org/hermes-parser/-/hermes-parser-0.25.1.tgz 15337ms (cache miss)
3465 http fetch GET 200 https://registry.npmjs.org/ajv/-/ajv-6.15.0.tgz 15431ms (cache miss)
3466 http fetch GET 200 https://registry.npmjs.org/jsx-ast-utils/-/jsx-ast-utils-3.3.5.tgz 15682ms (cache miss)
3467 http fetch GET 200 https://registry.npmjs.org/resolve/-/resolve-2.0.0-next.7.tgz 15776ms (cache miss)
3468 http fetch GET 200 https://registry.npmjs.org/es-iterator-helpers/-/es-iterator-helpers-1.4.0.tgz 15837ms (cache miss)
3469 http fetch GET 200 https://registry.npmjs.org/react-dom/-/react-dom-19.2.8.tgz 15903ms (cache miss)
3470 http fetch GET 200 https://registry.npmjs.org/eslint-plugin-import/-/eslint-plugin-import-2.32.0.tgz 15996ms (cache miss)
3471 http fetch GET 200 https://registry.npmjs.org/@babel/core/-/core-7.29.7.tgz 16049ms (cache miss)
3472 http fetch GET 200 https://registry.npmjs.org/axobject-query/-/axobject-query-4.1.0.tgz 16153ms (cache miss)
3473 http fetch GET 200 https://registry.npmjs.org/@img/sharp-win32-x64/-/sharp-win32-x64-0.34.5.tgz 16302ms (cache miss)
3474 http fetch GET 200 https://registry.npmjs.org/@babel/types/-/types-7.29.7.tgz 16433ms (cache miss)
3475 http fetch GET 200 https://registry.npmjs.org/aria-query/-/aria-query-5.3.2.tgz 16618ms (cache miss)
3476 http fetch GET 200 https://registry.npmjs.org/@babel/helpers/-/helpers-7.29.7.tgz 16801ms (cache miss)
3477 http fetch GET 200 https://registry.npmjs.org/eslint-plugin-jsx-a11y/-/eslint-plugin-jsx-a11y-6.10.2.tgz 16756ms (cache miss)
3478 http fetch GET 200 https://registry.npmjs.org/eslint-plugin-react-hooks/-/eslint-plugin-react-hooks-7.1.1.tgz 16776ms (cache miss)
3479 http fetch GET 200 https://registry.npmjs.org/typescript/-/typescript-6.0.3.tgz 16963ms (cache miss)
3480 http fetch GET 200 https://registry.npmjs.org/@swc/helpers/-/helpers-0.5.15.tgz 17115ms (cache miss)
3481 http fetch GET 200 https://registry.npmjs.org/@typescript-eslint/scope-manager/-/scope-manager-8.65.0.tgz 17215ms (cache miss)
3482 http fetch GET 200 https://registry.npmjs.org/eslint-plugin-react/-/eslint-plugin-react-7.37.5.tgz 20315ms (cache miss)
3483 http fetch GET 200 https://registry.npmjs.org/@typescript-eslint/eslint-plugin/-/eslint-plugin-8.65.0.tgz 24488ms (cache miss)
3484 http fetch GET 200 https://registry.npmjs.org/eslint/-/eslint-9.39.5.tgz 24396ms (cache miss)
3485 http fetch GET 200 https://registry.npmjs.org/caniuse-lite/-/caniuse-lite-1.0.30001806.tgz 25397ms (cache miss)
3486 http fetch GET 200 https://registry.npmjs.org/zod/-/zod-4.4.3.tgz 25409ms (cache miss)
3487 http fetch GET 200 https://registry.npmjs.org/es-abstract/-/es-abstract-1.24.2.tgz 29910ms (cache miss)
3488 http fetch GET 200 https://registry.npmjs.org/@next/swc-win32-x64-msvc/-/swc-win32-x64-msvc-16.2.12.tgz 36418ms (cache miss)
3489 http fetch GET 200 https://registry.npmjs.org/next/-/next-16.2.12.tgz 68235ms (cache miss)
3490 info run sharp@0.34.5 install node_modules/sharp node install/check.js || npm run build
3491 info run sharp@0.34.5 install { code: 0, signal: null }
3492 info run unrs-resolver@1.12.2 postinstall node_modules/unrs-resolver node postinstall.js
3493 info run unrs-resolver@1.12.2 postinstall { code: 0, signal: null }
3494 silly ADD node_modules/is-weakset
3495 silly ADD node_modules/is-weakmap
3496 silly ADD node_modules/is-map
3497 silly ADD node_modules/generator-function
3498 silly ADD node_modules/async-function
3499 silly ADD node_modules/which-collection
3500 silly ADD node_modules/is-generator-function
3501 silly ADD node_modules/is-finalizationregistry
3502 silly ADD node_modules/is-async-function
3503 silly ADD node_modules/is-number-object
3504 silly ADD node_modules/is-boolean-object
3505 silly ADD node_modules/is-bigint
3506 silly ADD node_modules/isexe
3507 silly ADD node_modules/punycode
3508 silly ADD node_modules/escalade
3509 silly ADD node_modules/napi-postinstall
3510 silly ADD node_modules/@unrs/resolver-binding-win32-x64-msvc
3511 silly ADD node_modules/which-boxed-primitive
3512 silly ADD node_modules/has-bigints
3513 silly ADD node_modules/@typescript-eslint/tsconfig-utils
3514 silly ADD node_modules/@typescript-eslint/project-service
3515 silly ADD node_modules/@typescript-eslint/types
3516 silly ADD node_modules/ts-api-utils
3517 silly ADD node_modules/@typescript-eslint/visitor-keys
3518 silly ADD node_modules/@typescript-eslint/visitor-keys/node_modules/eslint-visitor-keys
3519 silly ADD node_modules/@typescript-eslint/type-utils
3520 silly ADD node_modules/@typescript-eslint/scope-manager
3521 silly ADD node_modules/@typescript-eslint/utils
3522 silly ADD node_modules/@typescript-eslint/typescript-estree
3523 silly ADD node_modules/@typescript-eslint/typescript-estree/node_modules/balanced-match
3524 silly ADD node_modules/@typescript-eslint/typescript-estree/node_modules/brace-expansion
3525 silly ADD node_modules/@typescript-eslint/typescript-estree/node_modules/semver
3526 silly ADD node_modules/@typescript-eslint/typescript-estree/node_modules/minimatch
3527 silly ADD node_modules/@typescript-eslint/parser
3528 silly ADD node_modules/@typescript-eslint/eslint-plugin
3529 silly ADD node_modules/@typescript-eslint/eslint-plugin/node_modules/ignore
3530 silly ADD node_modules/which-builtin-type
3531 silly ADD node_modules/reflect.getprototypeof
3532 silly ADD node_modules/for-each
3533 silly ADD node_modules/strip-bom
3534 silly ADD node_modules/minimist
3535 silly ADD node_modules/@types/json5
3536 silly ADD node_modules/is-number
3537 silly ADD node_modules/has-flag
3538 silly ADD node_modules/client-only
3539 silly ADD node_modules/side-channel-weakmap
3540 silly ADD node_modules/side-channel-map
3541 silly ADD node_modules/side-channel-list
3542 silly ADD node_modules/shebang-regex
3543 silly ADD node_modules/detect-libc
3544 silly ADD node_modules/@img/sharp-win32-x64
3545 silly ADD node_modules/@img/colour
3546 silly ADD node_modules/isarray
3547 silly ADD node_modules/queue-microtask
3548 silly ADD node_modules/supports-preserve-symlinks-flag
3549 silly ADD node_modules/path-parse
3550 silly ADD node_modules/node-exports-info
3551 silly ADD node_modules/scheduler
3552 silly ADD node_modules/react-is
3553 silly ADD node_modules/object-assign
3554 silly ADD node_modules/loose-envify
3555 silly ADD node_modules/source-map-js
3556 silly ADD node_modules/nanoid
3557 silly ADD node_modules/callsites
3558 silly ADD node_modules/yocto-queue
3559 silly ADD node_modules/p-limit
3560 silly ADD node_modules/word-wrap
3561 silly ADD node_modules/fast-levenshtein
3562 silly ADD node_modules/deep-is
3563 silly ADD node_modules/tslib
3564 silly ADD node_modules/styled-jsx
3565 silly ADD node_modules/sharp
3566 silly ADD node_modules/sharp/node_modules/semver
3567 silly ADD node_modules/postcss
3568 silly ADD node_modules/@swc/helpers
3569 silly ADD node_modules/@next/swc-win32-x64-msvc
3570 silly ADD node_modules/@next/env
3571 silly ADD node_modules/concat-map
3572 silly ADD node_modules/balanced-match
3573 silly ADD node_modules/brace-expansion
3574 silly ADD node_modules/to-regex-range
3575 silly ADD node_modules/fill-range
3576 silly ADD node_modules/picomatch
3577 silly ADD node_modules/braces
3578 silly ADD node_modules/yallist
3579 silly ADD node_modules/p-locate
3580 silly ADD node_modules/type-check
3581 silly ADD node_modules/prelude-ls
3582 silly ADD node_modules/language-subtag-registry
3583 silly ADD node_modules/json-buffer
3584 silly ADD node_modules/argparse
3585 silly ADD node_modules/set-function-name
3586 silly ADD node_modules/is-extglob
3587 silly ADD node_modules/side-channel
3588 silly ADD node_modules/resolve-from
3589 silly ADD node_modules/parent-module
3590 silly ADD node_modules/hermes-estree
3591 silly ADD node_modules/resolve-pkg-maps
3592 silly ADD node_modules/dunder-proto
3593 silly ADD node_modules/is-document.all
3594 silly ADD node_modules/functions-have-names
3595 silly ADD node_modules/keyv
3596 silly ADD node_modules/flatted
3597 silly ADD node_modules/path-exists
3598 silly ADD node_modules/locate-path
3599 silly ADD node_modules/flat-cache
3600 silly ADD node_modules/reusify
3601 silly ADD node_modules/run-parallel
3602 silly ADD node_modules/fastq
3603 silly ADD node_modules/@nodelib/fs.scandir
3604 silly ADD node_modules/micromatch
3605 silly ADD node_modules/merge2
3606 silly ADD node_modules/@nodelib/fs.walk
3607 silly ADD node_modules/@nodelib/fs.stat
3608 silly ADD node_modules/acorn-jsx
3609 silly ADD node_modules/acorn
3610 silly ADD node_modules/esrecurse
3611 silly ADD node_modules/update-browserslist-db
3612 silly ADD node_modules/node-releases
3613 silly ADD node_modules/electron-to-chromium
3614 silly ADD node_modules/caniuse-lite
3615 silly ADD node_modules/baseline-browser-mapping
3616 silly ADD node_modules/@jridgewell/resolve-uri
3617 silly ADD node_modules/@jridgewell/sourcemap-codec
3618 silly ADD node_modules/@babel/helper-string-parser
3619 silly ADD node_modules/@babel/helper-globals
3620 silly ADD node_modules/@babel/helper-module-imports
3621 silly ADD node_modules/lru-cache
3622 silly ADD node_modules/browserslist
3623 silly ADD node_modules/@babel/helper-validator-option
3624 silly ADD node_modules/@babel/compat-data
3625 silly ADD node_modules/jsesc
3626 silly ADD node_modules/@jridgewell/trace-mapping
3627 silly ADD node_modules/@jridgewell/gen-mapping
3628 silly ADD node_modules/picocolors
3629 silly ADD node_modules/js-tokens
3630 silly ADD node_modules/@babel/helper-validator-identifier
3631 silly ADD node_modules/json5
3632 silly ADD node_modules/gensync
3633 silly ADD node_modules/convert-source-map
3634 silly ADD node_modules/@jridgewell/remapping
3635 silly ADD node_modules/@babel/types
3636 silly ADD node_modules/@babel/traverse
3637 silly ADD node_modules/@babel/template
3638 silly ADD node_modules/@babel/helpers
3639 silly ADD node_modules/@babel/helper-module-transforms
3640 silly ADD node_modules/@babel/helper-compilation-targets
3641 silly ADD node_modules/@babel/generator
3642 silly ADD node_modules/@babel/code-frame
3643 silly ADD node_modules/zod-validation-error
3644 silly ADD node_modules/zod
3645 silly ADD node_modules/hermes-parser
3646 silly ADD node_modules/@babel/parser
3647 silly ADD node_modules/@babel/core
3648 silly ADD node_modules/iterator.prototype
3649 silly ADD node_modules/string.prototype.repeat
3650 silly ADD node_modules/string.prototype.matchall
3651 silly ADD node_modules/prop-types
3652 silly ADD node_modules/object.entries
3653 silly ADD node_modules/estraverse
3654 silly ADD node_modules/es-iterator-helpers
3655 silly ADD node_modules/array.prototype.tosorted
3656 silly ADD node_modules/array.prototype.findlast
3657 silly ADD node_modules/string.prototype.includes
3658 silly ADD node_modules/language-tags
3659 silly ADD node_modules/jsx-ast-utils
3660 silly ADD node_modules/emoji-regex
3661 silly ADD node_modules/damerau-levenshtein
3662 silly ADD node_modules/axobject-query
3663 silly ADD node_modules/axe-core
3664 silly ADD node_modules/ast-types-flow
3665 silly ADD node_modules/aria-query
3666 silly ADD node_modules/is-symbol
3667 silly ADD node_modules/is-date-object
3668 silly ADD node_modules/es-abstract-get
3669 silly ADD node_modules/has-tostringtag
3670 silly ADD node_modules/possible-typed-array-names
3671 silly ADD node_modules/which-typed-array
3672 silly ADD node_modules/unbox-primitive
3673 silly ADD node_modules/typed-array-length
3674 silly ADD node_modules/typed-array-byte-offset
3675 silly ADD node_modules/typed-array-byte-length
3676 silly ADD node_modules/typed-array-buffer
3677 silly ADD node_modules/string.prototype.trimstart
3678 silly ADD node_modules/string.prototype.trim
3679 silly ADD node_modules/stop-iteration-iterator
3680 silly ADD node_modules/set-proto
3681 silly ADD node_modules/safe-regex-test
3682 silly ADD node_modules/safe-push-apply
3683 silly ADD node_modules/safe-array-concat
3684 silly ADD node_modules/regexp.prototype.flags
3685 silly ADD node_modules/own-keys
3686 silly ADD node_modules/object.assign
3687 silly ADD node_modules/object-inspect
3688 silly ADD node_modules/is-weakref
3689 silly ADD node_modules/is-typed-array
3690 silly ADD node_modules/is-shared-array-buffer
3691 silly ADD node_modules/is-set
3692 silly ADD node_modules/is-regex
3693 silly ADD node_modules/is-negative-zero
3694 silly ADD node_modules/is-data-view
3695 silly ADD node_modules/is-callable
3696 silly ADD node_modules/is-array-buffer
3697 silly ADD node_modules/internal-slot
3698 silly ADD node_modules/has-symbols
3699 silly ADD node_modules/has-proto
3700 silly ADD node_modules/globalthis
3701 silly ADD node_modules/get-symbol-description
3702 silly ADD node_modules/get-proto
3703 silly ADD node_modules/function.prototype.name
3704 silly ADD node_modules/es-to-primitive
3705 silly ADD node_modules/es-set-tostringtag
3706 silly ADD node_modules/data-view-byte-offset
3707 silly ADD node_modules/data-view-byte-length
3708 silly ADD node_modules/data-view-buffer
3709 silly ADD node_modules/available-typed-arrays
3710 silly ADD node_modules/arraybuffer.prototype.slice
3711 silly ADD node_modules/array-buffer-byte-length
3712 silly ADD node_modules/gopd
3713 silly ADD node_modules/object-keys
3714 silly ADD node_modules/has-property-descriptors
3715 silly ADD node_modules/define-data-property
3716 silly ADD node_modules/function-bind
3717 silly ADD node_modules/set-function-length
3718 silly ADD node_modules/es-define-property
3719 silly ADD node_modules/call-bind-apply-helpers
3720 silly ADD node_modules/es-shim-unscopables
3721 silly ADD node_modules/es-errors
3722 silly ADD node_modules/math-intrinsics
3723 silly ADD node_modules/is-string
3724 silly ADD node_modules/get-intrinsic
3725 silly ADD node_modules/es-object-atoms
3726 silly ADD node_modules/es-abstract
3727 silly ADD node_modules/define-properties
3728 silly ADD node_modules/call-bound
3729 silly ADD node_modules/call-bind
3730 silly ADD node_modules/tsconfig-paths
3731 silly ADD node_modules/tsconfig-paths/node_modules/json5
3732 silly ADD node_modules/string.prototype.trimend
3733 silly ADD node_modules/semver
3734 silly ADD node_modules/object.values
3735 silly ADD node_modules/object.groupby
3736 silly ADD node_modules/object.fromentries
3737 silly ADD node_modules/hasown
3738 silly ADD node_modules/eslint-module-utils
3739 silly ADD node_modules/eslint-module-utils/node_modules/debug
3740 silly ADD node_modules/doctrine
3741 silly ADD node_modules/array.prototype.flatmap
3742 silly ADD node_modules/array.prototype.flat
3743 silly ADD node_modules/array.prototype.findlastindex
3744 silly ADD node_modules/array-includes
3745 silly ADD node_modules/@rtsao/scc
3746 silly ADD node_modules/unrs-resolver
3747 silly ADD node_modules/tinyglobby
3748 silly ADD node_modules/tinyglobby/node_modules/picomatch
3749 silly ADD node_modules/tinyglobby/node_modules/fdir
3750 silly ADD node_modules/stable-hash
3751 silly ADD node_modules/is-bun-module
3752 silly ADD node_modules/is-bun-module/node_modules/semver
3753 silly ADD node_modules/get-tsconfig
3754 silly ADD node_modules/@nolyfill/is-core-module
3755 silly ADD node_modules/resolve
3756 silly ADD node_modules/is-core-module
3757 silly ADD node_modules/color-name
3758 silly ADD node_modules/color-convert
3759 silly ADD node_modules/supports-color
3760 silly ADD node_modules/ansi-styles
3761 silly ADD node_modules/strip-json-comments
3762 silly ADD node_modules/js-yaml
3763 silly ADD node_modules/import-fresh
3764 silly ADD node_modules/@types/json-schema
3765 silly ADD node_modules/@eslint/object-schema
3766 silly ADD node_modules/minimatch
3767 silly ADD node_modules/lodash.merge
3768 silly ADD node_modules/espree
3769 silly ADD node_modules/eslint-visitor-keys
3770 silly ADD node_modules/eslint-scope
3771 silly ADD node_modules/chalk
3772 silly ADD node_modules/@types/estree
3773 silly ADD node_modules/@eslint/plugin-kit
3774 silly ADD node_modules/@eslint/js
3775 silly ADD node_modules/@eslint/eslintrc
3776 silly ADD node_modules/@eslint/eslintrc/node_modules/globals
3777 silly ADD node_modules/@eslint/core
3778 silly ADD node_modules/@eslint/config-helpers
3779 silly ADD node_modules/@eslint/config-array
3780 silly ADD node_modules/fast-glob
3781 silly ADD node_modules/fast-glob/node_modules/glob-parent
3782 silly ADD node_modules/typescript
3783 silly ADD node_modules/typescript-eslint
3784 silly ADD node_modules/globals
3785 silly ADD node_modules/eslint-plugin-react-hooks
3786 silly ADD node_modules/eslint-plugin-react
3787 silly ADD node_modules/eslint-plugin-jsx-a11y
3788 silly ADD node_modules/eslint
3789 silly ADD node_modules/eslint-plugin-import
3790 silly ADD node_modules/eslint-plugin-import/node_modules/debug
3791 silly ADD node_modules/eslint-import-resolver-typescript
3792 silly ADD node_modules/eslint-import-resolver-node
3793 silly ADD node_modules/eslint-import-resolver-node/node_modules/debug
3794 silly ADD node_modules/@next/eslint-plugin-next
3795 silly ADD node_modules/ms
3796 silly ADD node_modules/which
3797 silly ADD node_modules/shebang-command
3798 silly ADD node_modules/path-key
3799 silly ADD node_modules/uri-js
3800 silly ADD node_modules/json-schema-traverse
3801 silly ADD node_modules/fast-json-stable-stringify
3802 silly ADD node_modules/@humanfs/types
3803 silly ADD node_modules/@humanfs/core
3804 silly ADD node_modules/levn
3805 silly ADD node_modules/optionator
3806 silly ADD node_modules/natural-compare
3807 silly ADD node_modules/json-stable-stringify-without-jsonify
3808 silly ADD node_modules/is-glob
3809 silly ADD node_modules/imurmurhash
3810 silly ADD node_modules/ignore
3811 silly ADD node_modules/glob-parent
3812 silly ADD node_modules/find-up
3813 silly ADD node_modules/file-entry-cache
3814 silly ADD node_modules/fast-deep-equal
3815 silly ADD node_modules/esutils
3816 silly ADD node_modules/esquery
3817 silly ADD node_modules/escape-string-regexp
3818 silly ADD node_modules/debug
3819 silly ADD node_modules/cross-spawn
3820 silly ADD node_modules/ajv
3821 silly ADD node_modules/@humanwhocodes/retry
3822 silly ADD node_modules/@humanwhocodes/module-importer
3823 silly ADD node_modules/@humanfs/node
3824 silly ADD node_modules/@eslint-community/regexpp
3825 silly ADD node_modules/@eslint-community/eslint-utils
3826 silly ADD node_modules/@eslint-community/eslint-utils/node_modules/eslint-visitor-keys
3827 silly ADD node_modules/csstype
3828 silly ADD node_modules/undici-types
3829 silly ADD node_modules/react-dom
3830 silly ADD node_modules/react
3831 silly ADD node_modules/next
3832 silly ADD node_modules/eslint-config-next
3833 silly ADD node_modules/@types/react-dom
3834 silly ADD node_modules/@types/react
3835 silly ADD node_modules/@types/node
3836 verbose cwd C:\Users\MSI\Desktop\platforme3\medical-platform\frontend
3837 verbose os Windows_NT 10.0.19045
3838 verbose node v26.2.0
3839 verbose npm  v11.13.0
3840 notice
3840 notice New major version of npm available! 11.13.0 -> 12.0.2
3840 notice Changelog: https://github.com/npm/cli/releases/tag/v12.0.2
3840 notice To update run: npm install -g npm@12.0.2
3840 notice  { force: true, Symbol(proc-log.meta): true }
3841 verbose exit 0
3842 info ok
